t_rel,cmd_0,cmd_1,cmd_2,cmd_3,cmd_4,cmd_5,cmd_6,cmd_7,cmd_8,cmd_9,cmd_10,cmd_11,cmd_12,cmd_13,cmd_14,cmd_15,act_0,act_1,act_2,act_3,act_4,act_5,act_6,act_7,act_8,act_9,act_10,act_11,act_12,act_13,act_14,act_15
0.0003859996795654297,3561,3081,2252,1793,3409,844,2394,1641,702,854,230,775,2704,2135,2000,1847,3561,3070,2252,1789,3410,844,2343,1641,589,855,230,767,2572,2122,2000,1846
0.35896825790405273,3560,3061,2251,1792,3409,843,2374,1641,626,853,230,778,2573,2127,2000,1850,3561,3069,2252,1789,3410,843,2343,1641,589,855,230,757,2566,2105,2000,1846
0.4968690872192383,3560,3053,2251,1796,3409,843,2405,1641,663,853,230,809,2611,2158,2000,1850,3561,3067,2252,1791,3410,844,2343,1641,610,855,230,773,2604,2121,2000,1846
0.5792248249053955,3560,3044,2251,1800,3409,843,2436,1641,700,853,230,840,2648,2189,2000,1850,3561,3053,2251,1798,3409,845,2343,1641,666,854,230,812,2649,2165,2000,1847
0.673907995223999,3560,3032,2251,1806,3409,844,2482,1641,755,853,230,886,2704,2236,2000,1850,3561,3035,2250,1809,3408,846,2370,1641,738,854,230,863,2720,2214,2000,1849
0.7922024726867676,3560,3019,2250,1813,3409,844,2528,1641,810,853,230,932,2761,2283,2000,1850,3561,3028,2250,1810,3408,846,2401,1641,769,854,230,906,2764,2257,2000,1850
0.8822047710418701,3560,3011,2250,1817,3409,844,2559,1641,847,853,230,962,2798,2314,2000,1850,3561,3015,2249,1816,3408,846,2447,1642,796,854,230,942,2788,2294,2000,1851
0.9634041786193848,3560,3002,2250,1821,3409,844,2590,1641,883,853,230,993,2836,2345,2000,1850,3561,3007,2249,1818,3408,847,2492,1643,837,854,230,976,2835,2329,2000,1852
1.0492744445800781,3560,2985,2249,1830,3408,845,2651,1641,957,853,230,1054,2911,2407,2000,1850,3561,2989,2249,1828,3409,848,2556,1643,940,854,230,1039,2930,2392,2000,1852
1.1681787967681885,3560,2973,2249,1836,3408,845,2697,1641,1012,853,230,1100,2967,2454,2000,1850,3561,2974,2246,1838,3409,848,2626,1643,1005,854,230,1091,2973,2445,2000,1852
1.268218755722046,3559,2956,2249,1844,3408,846,2759,1641,1085,853,230,1162,3042,2516,2000,1850,3561,2959,2244,1844,3409,848,2695,1643,1082,854,230,1148,3049,2502,2000,1852
1.3811662197113037,3559,2943,2248,1851,3408,846,2805,1641,1141,853,230,1208,3098,2563,2000,1850,3560,2948,2244,1850,3409,849,2749,1644,1102,854,230,1201,3088,2552,2000,1851
1.4777412414550781,3559,2935,2248,1855,3408,846,2836,1641,1177,853,230,1239,3136,2594,2000,1850,3560,2938,2245,1853,3409,849,2801,1644,1144,854,230,1240,3133,2592,2000,1852
1.5699350833892822,3559,2918,2248,1863,3407,847,2897,1641,1251,853,230,1300,3211,2657,2000,1850,3560,2921,2245,1863,3408,850,2847,1645,1223,854,230,1291,3224,2646,2000,1851
1.6824429035186768,3559,2893,2247,1876,3407,848,2990,1641,1361,853,230,1392,3323,2750,2000,1850,3560,2899,2245,1875,3408,851,2940,1645,1355,854,230,1385,3343,2740,2000,1851
1.8247909545898438,3559,2864,2247,1891,3407,849,3098,1641,1490,853,230,1500,3455,2860,2000,1850,3560,2868,2245,1887,3407,851,3061,1645,1498,854,230,1503,3495,2859,2000,1851
1.9759564399719238,3559,2864,2247,1891,3407,849,3098,1641,1490,853,230,1500,3455,2860,2000,1850,3560,2864,2245,1891,3407,851,3111,1645,1480,854,230,1531,3463,2886,2000,1851
2.101933002471924,3559,2864,2247,1891,3407,849,3098,1641,1490,853,230,1500,3455,2860,2000,1850,3560,2864,2245,1891,3407,851,3111,1645,1483,854,230,1521,3457,2884,2000,1851
2.22784423828125,3559,2864,2247,1891,3407,849,3098,1641,1490,853,230,1500,3455,2860,2000,1850,3560,2864,2245,1891,3407,851,3111,1645,1485,854,230,1513,3457,2877,2000,1852
2.374767541885376,3559,2864,2247,1891,3407,849,3098,1641,1490,853,230,1500,3455,2860,2000,1850,3560,2864,2245,1891,3407,851,3108,1645,1485,854,230,1510,3457,2873,2000,1851
2.4979066848754883,3559,2864,2247,1891,3407,849,3098,1641,1490,853,230,1500,3455,2860,2000,1850,3560,2864,2245,1891,3407,851,3107,1646,1485,854,230,1509,3457,2871,2000,1851
2.6302692890167236,3559,2864,2247,1891,3407,849,3098,1641,1490,853,230,1500,3455,2860,2000,1850,3560,2864,2246,1891,3407,851,3107,1645,1486,854,230,1507,3457,2868,2000,1851
2.768735408782959,3559,2864,2247,1891,3407,849,3098,1641,1490,853,230,1500,3455,2860,2000,1850,3560,2864,2247,1891,3407,851,3107,1646,1487,854,230,1506,3457,2868,2000,1851
2.9132649898529053,3560,2864,2247,1891,3407,851,3107,1645,1487,854,230,1505,3457,2868,2000,1851,3561,2864,2247,1891,3407,851,3107,1646,1483,854,230,1507,3457,2867,2000,1851
3.0574188232421875,3559,2884,2247,1880,3407,850,3024,1644,1396,853,230,1433,3367,2794,2000,1850,3560,2881,2248,1880,3407,851,3084,1645,1401,854,230,1459,3343,2818,2000,1851
3.1758525371551514,3559,2908,2247,1868,3407,850,2925,1644,1287,853,230,1346,3259,2706,2000,1850,3560,2902,2248,1871,3407,851,2973,1645,1265,854,230,1368,3233,2723,2000,1850
3.312864303588867,3559,2929,2247,1858,3407,850,2843,1643,1197,853,230,1274,3169,2633,2000,1850,3560,2924,2248,1859,3407,850,2883,1644,1185,854,230,1283,3147,2640,2000,1850
3.441713571548462,3559,2953,2247,1846,3407,850,2744,1643,1088,853,230,1188,3061,2545,2000,1850,3560,2951,2250,1848,3407,849,2795,1639,1076,854,230,1197,3033,2549,2000,1850
3.588209867477417,3559,2974,2247,1835,3407,849,2662,1642,998,853,230,1116,2971,2472,2000,1850,3560,2976,2251,1834,3407,849,2719,1639,990,855,230,1120,2947,2474,2000,1849
3.7145321369171143,3559,2998,2247,1823,3407,849,2563,1642,889,853,230,1030,2863,2384,2000,1850,3560,2996,2251,1824,3406,847,2644,1639,903,855,230,1034,2833,2391,2000,1849
3.861943006515503,3559,3019,2247,1813,3407,849,2481,1641,799,853,230,958,2773,2311,2000,1850,3560,3017,2251,1813,3406,847,2571,1638,842,855,230,966,2756,2322,2000,1849
3.9875504970550537,3559,3043,2247,1801,3407,849,2382,1641,690,853,230,871,2665,2223,2000,1850,3560,3042,2251,1801,3407,846,2495,1639,748,856,230,893,2659,2248,2000,1848
4.1201722621917725,3559,3064,2247,1791,3407,849,2300,1641,600,853,230,800,2576,2150,2000,1850,3561,3066,2252,1790,3408,845,2417,1639,635,855,230,806,2552,2151,2000,1847
4.260993957519531,3559,3064,2247,1791,3407,849,2300,1641,600,853,230,800,2576,2150,2000,1850,3561,3066,2251,1791,3407,846,2385,1639,614,855,230,796,2570,2138,2000,1847
4.389375686645508,3559,3064,2247,1791,3407,849,2300,1641,600,853,230,800,2576,2150,2000,1850,3560,3066,2250,1791,3407,846,2385,1640,614,855,230,796,2571,2138,2000,1847
4.534357070922852,3559,3064,2247,1791,3407,849,2300,1641,600,853,230,800,2576,2150,2000,1850,3561,3066,2250,1791,3407,846,2385,1640,614,855,230,796,2571,2138,2000,1847
4.6656787395477295,3559,3064,2247,1791,3407,849,2300,1641,600,853,230,800,2576,2150,2000,1850,3561,3066,2250,1791,3407,847,2385,1640,614,855,230,796,2571,2138,2000,1847
4.808155536651611,3559,3064,2247,1791,3407,849,2300,1641,600,853,230,800,2576,2150,2000,1850,3561,3066,2250,1790,3407,847,2384,1640,614,855,230,796,2573,2138,2000,1847
4.9482293128967285,3559,3064,2247,1791,3407,849,2300,1641,600,853,230,800,2576,2150,2000,1850,3561,3066,2250,1791,3407,847,2384,1640,614,855,230,796,2573,2138,2000,1847
5.073430061340332,3559,3064,2247,1791,3407,849,2300,1641,600,853,230,800,2576,2150,2000,1850,3560,3066,2250,1791,3407,847,2384,1640,614,855,230,796,2573,2138,2000,1848
5.20401930809021,3560,3066,2248,1790,3407,849,2385,1640,614,855,230,796,2573,2138,2000,1847,3560,3066,2248,1790,3407,849,2384,1640,614,855,230,796,2572,2138,2000,1846
5.34507417678833,3559,3045,2247,1800,3407,849,2457,1640,703,854,230,867,2663,2211,2000,1847,3560,3049,2245,1799,3407,851,2384,1640,687,854,230,830,2693,2183,2000,1847
5.474985837936401,3559,3024,2247,1810,3407,848,2530,1640,792,854,229,939,2753,2285,2000,1847,3560,3027,2243,1809,3406,855,2385,1640,762,854,230,900,2775,2256,2000,1848
5.6041083335876465,3559,3000,2247,1822,3407,849,2617,1640,900,854,230,1025,2861,2373,2000,1847,3560,3003,2242,1821,3406,856,2408,1642,878,854,230,1007,2890,2366,2000,1849
5.7624475955963135,3559,2983,2247,1831,3407,849,2676,1640,971,854,230,1083,2933,2432,2000,1848,3560,2983,2242,1832,3406,856,2488,1640,975,854,230,1073,2966,2427,2000,1850
5.891399145126343,3559,2967,2247,1839,3407,849,2734,1640,1043,854,230,1140,3005,2491,2000,1848,3560,2968,2241,1839,3407,856,2563,1640,1027,854,230,1124,3022,2480,2000,1851
6.010253667831421,3559,2946,2247,1849,3407,849,2806,1640,1132,853,230,1212,3095,2565,2000,1848,3560,2949,2241,1848,3407,855,2686,1641,1121,854,230,1214,3123,2568,2000,1851
6.161074638366699,3559,2929,2247,1858,3407,849,2865,1640,1203,853,230,1270,3167,2624,2000,1849,3560,2929,2241,1858,3407,856,2763,1642,1201,854,230,1260,3182,2613,2000,1851
6.276524543762207,3559,2909,2247,1868,3407,849,2937,1640,1293,853,230,1341,3257,2697,2000,1849,3560,2913,2243,1866,3407,854,2857,1643,1285,854,230,1345,3281,2698,2000,1851
6.427202939987183,3559,2888,2247,1878,3407,849,3010,1640,1382,853,230,1413,3347,2771,2000,1849,3559,2894,2245,1875,3407,853,2928,1643,1363,854,230,1397,3355,2754,2000,1850
6.547855615615845,3559,2868,2247,1888,3407,849,3083,1640,1472,853,230,1485,3437,2845,2000,1849,3559,2871,2245,1886,3407,852,3040,1643,1471,853,230,1494,3461,2851,2000,1851
6.689552545547485,3559,2864,2247,1891,3407,849,3098,1641,1490,853,230,1500,3455,2860,2000,1850,3559,2864,2245,1891,3407,852,3088,1643,1481,853,230,1520,3459,2877,2000,1851
6.8387672901153564,3559,2864,2247,1891,3407,849,3098,1641,1490,853,230,1500,3455,2860,2000,1850,3559,2864,2245,1891,3407,852,3089,1643,1483,853,230,1516,3457,2876,2000,1851
6.977988958358765,3559,2864,2247,1891,3407,849,3098,1641,1490,853,230,1500,3455,2860,2000,1850,3559,2864,2245,1891,3407,852,3092,1643,1485,853,230,1514,3457,2875,2000,1851
7.0954930782318115,3559,2864,2247,1891,3407,849,3098,1641,1490,853,230,1500,3455,2860,2000,1850,3559,2864,2245,1891,3407,851,3092,1643,1485,853,230,1511,3457,2875,2000,1851
7.217202425003052,3559,2864,2247,1891,3407,849,3098,1641,1490,853,230,1500,3455,2860,2000,1850,3559,2864,2247,1891,3407,849,3093,1643,1486,853,230,1509,3457,2873,2000,1851
7.382475137710571,3559,2864,2247,1891,3407,849,3098,1641,1490,853,230,1500,3455,2860,2000,1850,3559,2864,2247,1891,3407,849,3093,1643,1487,853,230,1507,3457,2869,2000,1851
7.500366449356079,3559,2864,2247,1891,3407,849,3098,1641,1490,853,230,1500,3455,2860,2000,1850,3559,2864,2247,1891,3407,849,3093,1643,1488,853,230,1506,3457,2868,2000,1851
7.638242244720459,3559,2864,2247,1891,3407,849,3098,1641,1490,853,230,1500,3455,2860,2000,1850,3560,2864,2247,1891,3407,849,3093,1643,1487,853,230,1505,3457,2868,2000,1850
7.766186475753784,3559,2868,2246,1888,3407,849,3076,1642,1469,853,230,1488,3439,2852,2000,1850,3561,2864,2248,1891,3407,849,3092,1643,1465,853,230,1499,3438,2861,2000,1851
7.931835174560547,3559,2884,2247,1880,3407,849,3012,1642,1397,853,230,1431,3367,2793,2000,1850,3561,2877,2248,1882,3407,849,3058,1643,1410,853,230,1462,3365,2823,2000,1851
8.035998344421387,3559,2904,2247,1870,3407,848,2931,1642,1306,853,229,1359,3277,2720,2000,1850,3560,2900,2248,1872,3407,849,2960,1643,1288,853,229,1366,3254,2723,2000,1850
8.177195310592651,3559,2933,2247,1856,3407,849,2817,1642,1179,853,230,1259,3151,2618,2000,1850,3560,2927,2248,1859,3407,848,2869,1642,1170,854,230,1272,3121,2630,2000,1850
8.330607175827026,3559,2945,2247,1850,3407,849,2769,1642,1125,853,230,1216,3097,2574,2000,1850,3560,2941,2248,1852,3407,848,2805,1641,1119,854,230,1215,3078,2567,2000,1850
8.45651912689209,3559,2966,2247,1839,3407,849,2688,1641,1034,853,230,1144,3007,2501,2000,1850,3560,2965,2250,1840,3407,847,2740,1641,1026,855,230,1141,2977,2495,2000,1850
8.593913793563843,3559,2982,2247,1831,3407,849,2623,1641,962,853,230,1086,2935,2442,2000,1850,3561,2982,2251,1830,3407,847,2689,1640,984,855,230,1096,2929,2451,2000,1850
8.714523315429688,3559,3010,2247,1817,3407,849,2510,1641,835,853,230,986,2809,2340,2000,1850,3561,3005,2251,1820,3407,847,2608,1640,877,855,230,998,2789,2356,2000,1849
8.849354982376099,3559,3031,2247,1807,3407,849,2429,1641,744,853,230,914,2719,2267,2000,1850,3561,3028,2251,1809,3407,846,2526,1641,779,856,230,917,2700,2275,2000,1848
8.993039846420288,3559,3047,2247,1799,3407,849,2364,1641,672,853,230,857,2647,2208,2000,1850,3561,3051,2252,1797,3407,846,2463,1641,717,856,230,864,2626,2215,2000,1848
9.120930910110474,3559,3064,2247,1791,3407,849,2300,1641,600,853,230,800,2576,2150,2000,1850,3561,3062,2252,1791,3407,846,2410,1641,650,856,230,817,2562,2162,2000,1847
9.248684644699097,3559,3064,2247,1791,3407,849,2300,1641,600,853,230,800,2576,2150,2000,1850,3561,3066,2252,1790,3407,846,2378,1641,617,855,230,796,2572,2140,2000,1847
9.383978128433228,3559,3064,2247,1791,3407,849,2300,1641,600,853,230,800,2576,2150,2000,1850,3561,3066,2250,1790,3407,846,2378,1641,616,855,230,796,2572,2140,2000,1847
9.521201610565186,3559,3064,2247,1791,3407,849,2300,1641,600,853,230,800,2576,2150,2000,1850,3560,3066,2250,1790,3407,846,2378,1641,616,855,230,796,2572,2140,2000,1848
9.650034666061401,3559,3064,2247,1791,3407,849,2300,1641,600,853,230,800,2576,2150,2000,1850,3560,3066,2250,1790,3407,846,2378,1641,616,855,230,796,2571,2140,2000,1847
9.808591842651367,3559,3064,2247,1791,3407,849,2300,1641,600,853,230,800,2576,2150,2000,1850,3560,3066,2250,1791,3407,846,2378,1642,616,855,230,795,2572,2140,2000,1848
9.931856632232666,3559,3064,2247,1791,3407,849,2300,1641,600,853,230,800,2576,2150,2000,1850,3560,3066,2250,1790,3407,849,2378,1642,616,855,230,796,2572,2140,2000,1847
10.07284927368164,3559,3064,2247,1791,3407,849,2300,1641,600,853,230,800,2576,2150,2000,1850,3560,3066,2250,1791,3407,849,2378,1641,616,855,230,795,2573,2140,2000,1848
10.193703651428223,3560,3066,2248,1791,3407,849,2377,1641,616,855,230,796,2573,2140,2000,1847,3560,3066,2248,1791,3407,849,2378,1642,616,855,230,795,2573,2140,2000,1846
10.321779012680054,3559,3041,2247,1803,3407,849,2465,1641,723,854,229,882,2681,2228,2000,1847,3560,3047,2244,1802,3407,854,2378,1641,690,855,230,843,2699,2196,2000,1847
10.470341444015503,3559,3020,2247,1813,3407,849,2538,1640,812,854,230,954,2771,2301,2000,1847,3560,3019,2242,1814,3406,856,2379,1641,790,854,230,922,2799,2277,2000,1849
10.598237037658691,3559,3000,2247,1823,3407,849,2612,1641,901,854,230,1025,2861,2375,2000,1847,3560,3005,2242,1821,3406,856,2405,1642,864,854,230,999,2884,2356,2000,1849
10.737045764923096,3559,2979,2247,1833,3407,849,2686,1641,990,854,230,1097,2951,2448,2000,1848,3560,2980,2241,1833,3407,856,2494,1643,969,854,230,1077,2972,2433,2000,1850
10.86620831489563,3559,2954,2247,1846,3407,849,2774,1641,1097,853,230,1183,3059,2536,2000,1848,3559,2957,2241,1844,3407,856,2620,1643,1086,854,230,1166,3087,2521,2000,1851
11.010310649871826,3559,2934,2247,1856,3407,849,2847,1641,1186,853,230,1255,3149,2610,2000,1848,3559,2933,2241,1857,3407,856,2719,1645,1166,854,229,1243,3170,2599,2000,1851
11.1382155418396,3559,2905,2247,1870,3407,849,2950,1641,1311,853,230,1356,3275,2713,2000,1849,3559,2907,2241,1869,3408,855,2859,1646,1309,854,230,1361,3306,2714,2000,1852
11.302703857421875,3559,2892,2247,1876,3407,849,2995,1641,1365,853,230,1399,3329,2757,2000,1849,3560,2893,2244,1876,3407,853,2932,1646,1361,853,230,1405,3347,2759,2000,1851
11.412460088729858,3559,2872,2247,1886,3407,849,3068,1641,1454,853,230,1471,3419,2830,2000,1849,3560,2872,2245,1886,3407,853,2998,1646,1451,854,230,1466,3440,2822,2000,1851
11.541805982589722,3559,2864,2247,1891,3407,849,3098,1641,1490,853,230,1500,3455,2860,2000,1850,3559,2863,2245,1891,3407,853,3077,1646,1481,854,230,1521,3469,2878,2000,1852
11.681000709533691,3559,2864,2247,1891,3407,849,3098,1641,1490,853,230,1500,3455,2860,2000,1850,3560,2863,2245,1891,3407,852,3087,1646,1482,854,230,1518,3458,2877,2000,1850
11.836308479309082,3559,2864,2247,1891,3407,849,3098,1641,1490,853,230,1500,3455,2860,2000,1850,3560,2862,2245,1892,3407,851,3089,1646,1484,854,230,1514,3458,2877,2000,1851
11.95710802078247,3559,2864,2247,1891,3407,849,3098,1641,1490,853,230,1500,3455,2860,2000,1850,3559,2863,2245,1891,3407,851,3089,1645,1484,854,230,1511,3458,2876,2000,1851
12.082422733306885,3559,2864,2247,1891,3407,849,3098,1641,1490,853,230,1500,3455,2860,2000,1850,3560,2863,2245,1892,3407,851,3092,1646,1485,854,230,1509,3458,2873,2000,1851
12.2205069065094,3559,2864,2247,1891,3407,849,3098,1641,1490,853,230,1500,3455,2860,2000,1850,3560,2863,2246,1891,3407,851,3092,1646,1485,853,230,1507,3458,2869,2000,1851
12.358211755752563,3559,2864,2247,1891,3407,849,3098,1641,1490,853,230,1500,3455,2860,2000,1850,3559,2863,2247,1891,3407,850,3092,1646,1486,854,230,1506,3458,2868,2000,1851
12.480336666107178,3559,2864,2247,1891,3407,849,3098,1641,1490,853,230,1500,3455,2860,2000,1850,3560,2863,2248,1892,3407,850,3093,1646,1488,854,230,1505,3458,2868,2000,1850
12.628251791000366,3559,2863,2248,1891,3407,850,3093,1646,1488,854,230,1505,3458,2867,2000,1851,3559,2863,2248,1891,3407,849,3093,1646,1486,854,230,1505,3459,2867,2000,1851
12.769623279571533,3559,2879,2247,1882,3407,849,3028,1645,1415,853,230,1447,3386,2808,2000,1850,3559,2876,2248,1883,3407,849,3068,1646,1398,854,230,1460,3363,2818,2000,1851
12.913129329681396,3559,2899,2247,1872,3407,849,2947,1645,1324,853,230,1375,3296,2735,2000,1850,3560,2897,2248,1874,3407,849,2988,1646,1318,854,230,1394,3271,2751,2000,1851
13.04852294921875,3559,2916,2247,1864,3407,849,2882,1644,1252,853,230,1317,3224,2676,2000,1850,3559,2915,2248,1865,3407,848,2931,1644,1245,854,230,1325,3205,2681,2000,1850
13.169343948364258,3559,2940,2247,1852,3407,849,2785,1644,1143,853,230,1231,3116,2588,2000,1850,3559,2937,2248,1854,3407,847,2854,1640,1136,854,230,1239,3088,2594,2000,1850
13.319433450698853,3559,2953,2247,1846,3407,849,2736,1643,1089,853,230,1188,3062,2545,2000,1850,3560,2954,2249,1846,3407,847,2804,1640,1106,854,230,1191,3052,2543,2000,1849
13.425339221954346,3559,2977,2247,1833,3407,849,2639,1643,980,853,230,1102,2954,2457,2000,1850,3560,2976,2250,1833,3407,846,2723,1640,990,854,230,1107,2926,2463,2000,1849
13.568579196929932,3559,2998,2247,1823,3407,849,2558,1642,889,853,230,1030,2864,2384,2000,1850,3561,2995,2251,1825,3407,846,2650,1639,938,854,230,1042,2848,2397,2000,1850
13.705748558044434,3559,3022,2247,1811,3407,849,2461,1642,781,853,230,943,2756,2296,2000,1850,3561,3019,2250,1813,3407,845,2566,1639,841,854,230,958,2741,2311,2000,1850
13.845608234405518,3559,3043,2247,1801,3407,849,2380,1641,690,853,230,871,2666,2223,2000,1850,3561,3039,2251,1802,3407,844,2488,1640,753,855,230,893,2662,2245,2000,1850
13.968562602996826,3559,3064,2247,1791,3407,849,2300,1641,600,853,230,800,2576,2150,2000,1850,3561,3068,2253,1789,3408,843,2381,1640,629,855,230,803,2552,2149,2000,1850
14.113871574401855,3559,3064,2247,1791,3407,849,2300,1641,600,853,230,800,2576,2150,2000,1850,3561,3067,2253,1790,3408,844,2364,1640,606,855,230,794,2570,2137,2000,1850
14.240952014923096,3559,3064,2247,1791,3407,849,2300,1641,600,853,230,800,2576,2150,2000,1850,3561,3067,2253,1790,3408,844,2364,1640,606,855,230,794,2571,2137,2000,1850
14.390788078308105,3559,3064,2247,1791,3407,849,2300,1641,600,853,230,800,2576,2150,2000,1850,3561,3067,2253,1790,3408,845,2364,1640,606,855,230,794,2571,2137,2000,1850
14.51326870918274,3559,3064,2247,1791,3407,849,2300,1641,600,853,230,800,2576,2150,2000,1850,3561,3067,2251,1790,3408,845,2364,1640,606,855,230,794,2571,2137,2000,1850
14.656543016433716,3559,3064,2247,1791,3407,849,2300,1641,600,853,230,800,2576,2150,2000,1850,3561,3067,2251,1790,3408,845,2363,1640,606,855,230,794,2572,2137,2000,1850
14.785048484802246,3559,3064,2247,1791,3407,849,2300,1641,600,853,230,800,2576,2150,2000,1850,3561,3067,2251,1790,3408,845,2363,1641,606,855,230,794,2572,2137,2000,1850
14.934225082397461,3559,3064,2247,1791,3407,849,2300,1641,600,853,230,800,2576,2150,2000,1850,3560,3067,2251,1790,3408,845,2363,1641,606,855,230,794,2573,2137,2000,1850
15.058562755584717,3559,3062,2250,1792,3407,845,2378,1640,624,854,230,808,2591,2151,2000,1850,3561,3067,2251,1790,3408,845,2363,1641,606,855,230,795,2583,2138,2000,1850
15.200328588485718,3559,3038,2250,1804,3407,845,2468,1641,732,854,230,894,2699,2240,2000,1850,3560,3046,2247,1802,3407,851,2363,1641,708,855,230,853,2720,2209,2000,1851
15.335589170455933,3559,3017,2250,1814,3407,845,2543,1641,822,854,230,966,2789,2314,2000,1850,3560,3019,2243,1815,3406,856,2365,1641,813,854,230,941,2820,2298,2000,1851
15.474459171295166,3559,3000,2249,1822,3407,846,2603,1641,894,854,230,1024,2861,2373,2000,1850,3559,3003,2242,1822,3406,857,2419,1641,884,855,230,1005,2887,2362,2000,1851
15.609905004501343,3559,2984,2249,1831,3407,846,2663,1641,966,854,230,1082,2933,2432,2000,1850,3559,2984,2242,1831,3406,856,2503,1643,957,855,230,1067,2953,2422,2000,1851
15.729595422744751,3559,2963,2248,1841,3407,847,2738,1641,1057,853,230,1154,3023,2505,2000,1850,3559,2965,2242,1841,3406,855,2613,1642,1050,854,230,1148,3050,2503,2000,1851
15.880642175674438,3559,2942,2248,1851,3407,847,2813,1641,1147,853,230,1226,3113,2579,2000,1850,3559,2943,2241,1851,3407,855,2692,1643,1133,853,230,1210,3130,2564,2000,1851
16.00147008895874,3559,2917,2248,1864,3407,847,2903,1641,1255,853,230,1312,3221,2668,2000,1850,3560,2921,2242,1863,3406,856,2815,1644,1249,853,230,1316,3254,2671,2000,1851
16.16686224937439,3559,2905,2247,1870,3407,848,2948,1641,1309,853,230,1355,3275,2712,2000,1850,3560,2908,2243,1869,3407,853,2892,1644,1311,852,230,1361,3301,2714,2000,1851
16.276909112930298,3559,2884,2247,1880,3407,848,3023,1641,1399,853,230,1427,3364,2786,2000,1850,3560,2889,2243,1878,3407,853,2970,1644,1401,852,229,1430,3392,2786,2000,1850
16.419892072677612,3559,2872,2247,1886,3407,848,3067,1641,1453,853,230,1471,3419,2830,2000,1850,3560,2872,2244,1886,3407,851,3030,1645,1452,851,229,1475,3432,2831,2000,1850
16.530881643295288,3559,2864,2247,1891,3407,849,3098,1641,1490,853,230,1500,3455,2860,2000,1850,3560,2863,2245,1891,3407,851,3093,1644,1482,851,229,1520,3461,2878,2000,1850
16.678525686264038,3559,2864,2247,1891,3407,849,3098,1641,1490,853,230,1500,3455,2860,2000,1850,3560,2863,2245,1891,3407,851,3095,1644,1488,851,229,1518,3458,2877,2000,1850
16.803306341171265,3559,2864,2247,1891,3407,849,3098,1641,1490,853,230,1500,3455,2860,2000,1850,3560,2863,2245,1891,3407,851,3095,1643,1488,852,229,1514,3458,2876,2000,1849
16.947349309921265,3559,2864,2247,1891,3407,849,3098,1641,1490,853,230,1500,3455,2860,2000,1850,3560,2863,2245,1892,3407,852,3095,1643,1487,852,230,1510,3458,2875,2000,1850
17.09451127052307,3559,2864,2247,1891,3407,849,3098,1641,1490,853,230,1500,3455,2860,2000,1850,3560,2863,2245,1892,3407,851,3095,1643,1488,852,230,1509,3458,2872,2000,1850
17.221941232681274,3559,2864,2247,1891,3407,849,3098,1641,1490,853,230,1500,3455,2860,2000,1850,3560,2863,2247,1892,3406,851,3098,1642,1488,852,230,1507,3458,2869,2000,1849
17.350410223007202,3559,2864,2247,1891,3407,849,3098,1641,1490,853,230,1500,3455,2860,2000,1850,3560,2863,2247,1892,3406,851,3098,1642,1489,852,230,1506,3458,2868,2000,1849
17.492459297180176,3559,2864,2247,1891,3407,849,3098,1641,1490,853,230,1500,3455,2860,2000,1850,3560,2863,2248,1892,3406,850,3098,1642,1489,853,230,1503,3458,2867,2000,1849
17.700620412826538,3559,2867,2246,1889,3406,850,3081,1641,1470,853,230,1490,3440,2853,2000,1850,3560,2863,2248,1892,3406,851,3098,1642,1488,853,230,1502,3449,2863,2000,1850
17.783035278320312,3559,2883,2247,1881,3406,850,3016,1641,1398,853,230,1433,3368,2794,2000,1850,3560,2882,2248,1881,3406,851,3048,1642,1379,855,230,1445,3345,2803,2000,1850
17.90814995765686,3559,2904,2247,1871,3406,850,2935,1641,1307,853,229,1361,3278,2721,2000,1849,3560,2900,2248,1873,3406,850,2985,1640,1287,855,230,1376,3252,2732,2000,1849
18.032529592514038,3559,2924,2247,1861,3406,850,2853,1641,1216,853,230,1289,3188,2648,2000,1850,3559,2922,2249,1862,3406,849,2905,1640,1204,855,230,1291,3161,2648,2000,1849
18.187894105911255,3559,2940,2247,1852,3406,850,2788,1641,1144,853,230,1231,3116,2589,2000,1850,3559,2938,2250,1852,3406,849,2854,1640,1161,855,230,1245,3106,2598,2000,1850
18.291622400283813,3559,2965,2247,1840,3406,849,2690,1641,1035,853,230,1145,3008,2501,2000,1850,3559,2964,2250,1841,3406,848,2768,1640,1036,856,230,1145,2979,2499,2000,1849
18.44048547744751,3559,2986,2247,1830,3406,849,2609,1641,944,853,230,1073,2918,2428,2000,1850,3559,2985,2249,1829,3406,847,2698,1640,983,856,230,1085,2899,2439,2000,1849
18.56247591972351,3559,3010,2247,1817,3406,849,2511,1641,835,853,230,987,2810,2340,2000,1850,3560,3009,2250,1817,3406,846,2608,1640,877,856,230,995,2786,2350,2000,1849
18.714261293411255,3559,3031,2247,1807,3406,849,2430,1641,745,853,230,915,2720,2267,2000,1850,3560,3032,2250,1807,3407,846,2521,1641,773,856,231,916,2692,2267,2000,1848
18.85689902305603,3559,3047,2247,1799,3406,849,2365,1641,672,853,230,857,2648,2208,2000,1850,3560,3044,2251,1800,3407,845,2456,1641,713,856,231,871,2626,2219,2000,1849
18.977964878082275,3559,3064,2247,1791,3407,849,2300,1641,600,853,230,800,2576,2150,2000,1850,3561,3070,2251,1787,3407,845,2406,1641,652,857,231,810,2554,2154,2000,1848
19.107638120651245,3559,3064,2247,1791,3407,849,2300,1641,600,853,230,800,2576,2150,2000,1850,3561,3066,2251,1789,3408,845,2371,1641,624,856,231,796,2570,2142,2000,1848
19.232041120529175,3559,3064,2247,1791,3407,849,2300,1641,600,853,230,800,2576,2150,2000,1850,3561,3066,2251,1789,3408,845,2371,1641,624,856,231,796,2571,2142,2000,1848
19.377541303634644,3559,3064,2247,1791,3407,849,2300,1641,600,853,230,800,2576,2150,2000,1850,3561,3066,2250,1790,3408,845,2371,1641,624,856,231,796,2571,2142,2000,1848
19.510511875152588,3559,3064,2247,1791,3407,849,2300,1641,600,853,230,800,2576,2150,2000,1850,3561,3066,2250,1790,3408,845,2371,1641,624,856,231,796,2571,2142,2000,1848
19.652727842330933,3559,3064,2247,1791,3407,849,2300,1641,600,853,230,800,2576,2150,2000,1850,3561,3066,2250,1790,3408,845,2371,1642,624,856,230,796,2572,2142,2000,1848
19.777191400527954,3559,3064,2247,1791,3407,849,2300,1641,600,853,230,800,2576,2150,2000,1850,3561,3066,2250,1790,3408,845,2371,1641,624,856,230,796,2572,2142,2000,1848
19.910778522491455,3559,3064,2247,1791,3407,849,2300,1641,600,853,230,800,2576,2150,2000,1850,3560,3066,2250,1790,3408,845,2371,1641,624,855,230,796,2573,2142,2000,1848
20.078255653381348,3559,3064,2247,1791,3407,849,2300,1641,600,853,230,800,2576,2150,2000,1850,3560,3066,2250,1790,3408,845,2371,1642,624,855,230,796,2573,2142,2000,1848
20.21034812927246,3559,3053,2249,1796,3407,845,2415,1641,677,854,230,839,2627,2185,2000,1848,3561,3063,2250,1790,3408,845,2370,1641,625,855,230,804,2630,2155,2000,1848
20.32832908630371,3559,3033,2249,1806,3407,845,2489,1641,765,854,230,910,2717,2259,2000,1848,3560,3037,2243,1807,3406,855,2370,1641,736,854,230,877,2741,2232,2000,1849
20.473403930664062,3559,3016,2249,1814,3407,845,2549,1641,836,854,230,968,2789,2317,2000,1848,3560,3020,2243,1816,3406,856,2371,1641,814,854,230,938,2816,2293,2000,1850
20.59251570701599,3559,2991,2248,1827,3407,846,2638,1641,942,854,230,1054,2897,2405,2000,1848,3560,2994,2242,1826,3406,856,2416,1642,910,854,230,1017,2914,2374,2000,1851
20.73064923286438,3559,2971,2248,1837,3407,846,2712,1641,1030,854,230,1126,2987,2479,2000,1848,3560,2971,2241,1838,3406,855,2526,1643,1012,854,230,1108,3015,2465,2000,1850
20.870837450027466,3559,2950,2248,1847,3407,847,2786,1641,1118,853,230,1198,3077,2552,2000,1849,3559,2952,2242,1846,3406,855,2631,1645,1094,854,230,1185,3105,2541,2000,1851
20.995362997055054,3559,2925,2247,1860,3407,847,2875,1641,1224,853,230,1284,3185,2640,2000,1849,3559,2928,2242,1858,3406,856,2751,1646,1212,854,230,1275,3214,2631,2000,1851
21.137913942337036,3559,2905,2247,1870,3407,848,2949,1641,1313,853,230,1356,3275,2713,2000,1849,3559,2907,2243,1868,3407,853,2858,1646,1304,853,230,1352,3300,2706,2000,1851
21.27459192276001,3559,2880,2247,1882,3407,848,3038,1641,1419,853,230,1442,3383,2801,2000,1849,3559,2882,2243,1881,3407,853,2956,1646,1406,853,230,1438,3414,2793,2000,1851
21.41374707221985,3559,2864,2247,1891,3407,849,3098,1641,1490,853,230,1500,3455,2860,2000,1850,3559,2864,2245,1891,3407,853,3043,1646,1497,853,230,1510,3484,2866,2000,1852
21.53664255142212,3559,2864,2247,1891,3407,849,3098,1641,1490,853,230,1500,3455,2860,2000,1850,3559,2863,2245,1892,3407,853,3083,1646,1475,853,230,1523,3461,2880,2000,1852
21.669740676879883,3559,2864,2247,1891,3407,849,3098,1641,1490,853,230,1500,3455,2860,2000,1850,3559,2863,2245,1892,3406,853,3084,1646,1479,853,230,1516,3457,2879,2000,1852
21.807982683181763,3559,2864,2247,1891,3407,849,3098,1641,1490,853,230,1500,3455,2860,2000,1850,3559,2863,2245,1892,3406,852,3084,1646,1481,853,230,1513,3457,2878,2000,1852
21.942432165145874,3559,2864,2247,1891,3407,849,3098,1641,1490,853,230,1500,3455,2860,2000,1850,3559,2863,2246,1892,3406,852,3084,1646,1483,853,230,1510,3457,2872,2000,1851
22.082916498184204,3559,2864,2247,1891,3407,849,3098,1641,1490,853,230,1500,3455,2860,2000,1850,3559,2863,2247,1892,3407,851,3086,1646,1483,853,230,1508,3457,2870,2000,1851
22.208112478256226,3559,2864,2247,1891,3407,849,3098,1641,1490,853,230,1500,3455,2860,2000,1850,3559,2863,2247,1892,3407,850,3098,1646,1484,853,229,1506,3457,2868,2000,1851
22.357770204544067,3559,2864,2247,1891,3407,849,3098,1641,1490,853,230,1500,3455,2860,2000,1850,3560,2863,2247,1892,3407,850,3098,1646,1485,853,230,1505,3457,2868,2000,1851
22.480893850326538,3560,2863,2247,1892,3407,850,3098,1646,1485,853,230,1505,3457,2868,2000,1851,3560,2863,2247,1892,3407,850,3098,1646,1477,853,230,1507,3457,2867,2000,1852
22.636717796325684,3559,2879,2247,1883,3407,849,3032,1645,1412,853,230,1447,3385,2809,2000,1850,3561,2878,2247,1883,3407,850,3068,1646,1397,853,230,1466,3362,2826,2000,1851
22.757516384124756,3559,2904,2247,1871,3407,849,2935,1644,1304,853,229,1361,3277,2721,2000,1850,3561,2899,2247,1873,3406,849,2981,1646,1288,853,229,1376,3246,2732,2000,1851
22.899235725402832,3559,2924,2247,1861,3407,849,2853,1644,1214,853,230,1289,3187,2648,2000,1850,3561,2919,2247,1863,3407,849,2890,1644,1195,853,230,1300,3163,2655,2000,1851
23.024556875228882,3559,2945,2247,1850,3407,849,2772,1643,1123,853,230,1217,3097,2574,2000,1850,3559,2941,2247,1851,3406,848,2824,1641,1121,853,230,1225,3076,2578,2000,1850
23.159547328948975,3559,2969,2247,1838,3407,849,2674,1643,1015,853,230,1130,2989,2487,2000,1850,3560,2966,2248,1840,3406,847,2753,1639,1023,854,230,1138,2960,2491,2000,1849
23.296942234039307,3559,2990,2247,1828,3407,849,2593,1642,925,853,230,1058,2899,2413,2000,1850,3560,2985,2248,1831,3406,846,2680,1639,960,854,230,1065,2880,2422,2000,1850
23.430907487869263,3559,3010,2247,1817,3407,849,2511,1642,834,853,230,987,2809,2340,2000,1850,3560,3011,2249,1817,3406,847,2604,1639,871,856,230,989,2782,2343,2000,1849
23.576300859451294,3559,3027,2247,1809,3407,849,2446,1641,762,853,230,929,2737,2281,2000,1850,3560,3028,2249,1808,3407,847,2539,1639,807,856,230,942,2716,2291,2000,1849
23.700313806533813,3559,3051,2247,1797,3407,849,2348,1641,654,853,230,843,2629,2193,2000,1850,3560,3049,2250,1798,3407,847,2482,1639,726,856,230,875,2624,2223,2000,1848
23.831645727157593,3559,3064,2247,1791,3407,849,2300,1641,600,853,230,800,2576,2150,2000,1850,3560,3068,2250,1790,3407,847,2434,1639,676,855,230,797,2561,2140,2000,1849
23.9875226020813,3559,3064,2247,1791,3407,849,2300,1641,600,853,230,800,2576,2150,2000,1850,3560,3065,2249,1791,3407,848,2434,1640,676,855,230,794,2571,2138,2000,1849
24.116531133651733,3559,3064,2247,1791,3407,849,2300,1641,600,853,230,800,2576,2150,2000,1850,3560,3065,2249,1791,3407,848,2433,1640,675,855,230,794,2571,2138,2000,1849
24.240345239639282,3559,3064,2247,1791,3407,849,2300,1641,600,853,230,800,2576,2150,2000,1850,3561,3065,2249,1791,3407,848,2433,1640,675,855,230,794,2572,2138,2000,1849
24.371599912643433,3559,3064,2247,1791,3407,849,2300,1641,600,853,230,800,2576,2150,2000,1850,3560,3065,2249,1791,3407,848,2433,1640,675,855,230,794,2572,2138,2000,1849
24.512800931930542,3559,3064,2247,1791,3407,849,2300,1641,600,853,230,800,2576,2150,2000,1850,3561,3065,2249,1791,3407,849,2433,1641,675,855,230,794,2572,2138,2000,1849
24.641682386398315,3559,3064,2247,1791,3407,849,2300,1641,600,853,230,800,2576,2150,2000,1850,3560,3065,2248,1791,3407,849,2433,1641,676,855,230,794,2573,2138,2000,1849
24.775120735168457,3559,3064,2247,1791,3407,849,2300,1641,600,853,230,800,2576,2150,2000,1850,3560,3065,2247,1791,3407,850,2433,1641,675,855,230,794,2573,2138,2000,1849
24.916649103164673,3560,3065,2247,1791,3407,850,2433,1641,675,855,230,794,2573,2138,2000,1849,3560,3065,2247,1791,3407,850,2433,1641,676,855,230,794,2573,2138,2000,1848
25.06058120727539,3559,3044,2247,1801,3407,849,2500,1641,758,854,230,866,2663,2211,2000,1849,3560,3048,2247,1799,3407,852,2433,1641,676,854,230,837,2687,2192,2000,1849
25.21023654937744,3559,3028,2247,1809,3407,849,2555,1641,824,854,230,923,2735,2270,2000,1849,3560,3033,2247,1808,3406,853,2433,1642,741,854,229,884,2753,2239,2000,1849
25.312084197998047,3559,3003,2247,1821,3407,849,2636,1641,924,854,230,1010,2843,2359,2000,1849,3561,3005,2245,1819,3406,855,2436,1642,851,854,229,974,2862,2332,2000,1850
25.44711995124817,3559,2982,2247,1831,3407,849,2704,1641,1007,854,230,1082,2933,2432,2000,1849,3559,2985,2245,1829,3407,855,2472,1643,944,854,230,1066,2960,2421,2000,1850
25.58331036567688,3559,2958,2247,1844,3407,849,2785,1641,1107,853,230,1168,3041,2521,2000,1849,3559,2959,2245,1843,3408,854,2572,1643,1064,855,230,1165,3080,2522,2000,1851
25.7455472946167,3559,2941,2247,1852,3407,849,2840,1641,1173,853,230,1226,3113,2580,2000,1849,3559,2943,2245,1853,3408,853,2674,1643,1135,855,230,1214,3129,2568,2000,1850
25.8618004322052,3559,2917,2247,1864,3407,849,2921,1641,1273,853,230,1312,3221,2668,2000,1849,3559,2922,2245,1862,3408,853,2781,1643,1240,855,230,1313,3255,2669,2000,1850
26.009665489196777,3559,2900,2247,1872,3407,849,2975,1641,1340,853,230,1370,3292,2727,2000,1849,3559,2905,2245,1872,3407,853,2871,1643,1315,855,230,1369,3314,2723,2000,1851
26.133708000183105,3559,2880,2247,1882,3407,849,3043,1641,1423,853,230,1442,3383,2801,2000,1849,3560,2885,2245,1880,3408,852,2958,1643,1401,855,230,1448,3414,2804,2000,1850
26.278573989868164,3559,2864,2247,1891,3407,849,3098,1641,1490,853,230,1500,3455,2860,2000,1850,3560,2870,2245,1889,3408,851,3014,1644,1451,855,230,1497,3474,2855,2000,1851
26.385373830795288,3559,2864,2247,1891,3407,849,3098,1641,1490,853,230,1500,3455,2860,2000,1850,3560,2864,2245,1891,3407,850,3073,1643,1461,855,230,1522,3462,2880,2000,1851
26.531105518341064,3559,2864,2247,1891,3407,849,3098,1641,1490,853,230,1500,3455,2860,2000,1850,3560,2864,2245,1891,3408,850,3078,1643,1466,855,230,1515,3457,2879,2000,1851
26.6740243434906,3559,2864,2247,1891,3407,849,3098,1641,1490,853,230,1500,3455,2860,2000,1850,3560,2864,2245,1891,3408,850,3078,1643,1471,854,230,1512,3457,2878,2000,1851
26.800366401672363,3559,2864,2247,1891,3407,849,3098,1641,1490,853,230,1500,3455,2860,2000,1850,3560,2864,2247,1891,3407,850,3078,1643,1473,854,230,1510,3457,2872,2000,1851
26.9453866481781,3559,2864,2247,1891,3407,849,3098,1641,1490,853,230,1500,3455,2860,2000,1850,3560,2864,2247,1891,3407,850,3091,1643,1475,854,230,1508,3457,2870,2000,1851
27.075685024261475,3559,2864,2247,1891,3407,849,3098,1641,1490,853,230,1500,3455,2860,2000,1850,3560,2864,2248,1891,3407,850,3093,1643,1477,854,230,1507,3457,2868,2000,1851
27.201536893844604,3559,2864,2247,1891,3407,849,3098,1641,1490,853,230,1500,3455,2860,2000,1850,3560,2863,2248,1891,3407,850,3093,1643,1478,854,230,1505,3457,2868,2000,1850
27.347229480743408,3560,2863,2248,1891,3407,850,3093,1643,1480,854,230,1505,3457,2868,2000,1850,3560,2864,2248,1891,3407,850,3093,1643,1477,854,230,1506,3457,2867,2000,1850
27.480342149734497,3559,2887,2247,1878,3407,849,2995,1642,1372,853,229,1418,3349,2780,2000,1850,3561,2884,2248,1880,3407,850,3042,1643,1347,854,230,1441,3322,2800,2000,1850
27.621435165405273,3559,2904,2247,1870,3407,849,2931,1642,1300,853,229,1361,3277,2721,2000,1849,3561,2898,2248,1873,3407,850,2959,1643,1282,854,230,1374,3257,2730,2000,1850
27.744234323501587,3559,2928,2247,1858,3407,849,2834,1642,1192,853,230,1274,3169,2633,2000,1850,3561,2925,2248,1860,3407,850,2881,1641,1179,854,230,1284,3141,2641,2000,1850
27.890209436416626,3559,2949,2247,1848,3407,849,2753,1642,1102,853,230,1202,3079,2560,2000,1850,3561,2947,2248,1849,3407,849,2808,1641,1090,853,230,1205,3051,2557,2000,1850
28.015880584716797,3559,2969,2247,1837,3407,849,2672,1641,1013,853,230,1130,2989,2487,2000,1850,3559,2967,2248,1839,3407,849,2746,1640,1028,853,230,1144,2979,2499,2000,1849
28.143174648284912,3559,2994,2247,1825,3407,849,2575,1641,905,853,230,1044,2881,2399,2000,1850,3559,2991,2249,1827,3407,848,2667,1640,934,853,230,1052,2860,2408,2000,1850
28.306098461151123,3559,3010,2247,1817,3407,849,2510,1641,833,853,230,987,2809,2340,2000,1850,3560,3010,2250,1817,3407,847,2604,1640,876,854,230,1003,2800,2357,2000,1849
28.41641879081726,3559,3035,2247,1805,3407,849,2413,1641,725,853,230,900,2701,2252,2000,1850,3560,3033,2249,1807,3407,846,2523,1640,764,854,230,914,2679,2265,2000,1848
28.56793737411499,3559,3055,2247,1795,3407,849,2332,1641,635,853,230,828,2611,2179,2000,1850,3560,3053,2249,1796,3408,846,2482,1641,721,854,230,857,2610,2204,2000,1848
28.687685012817383,3559,3064,2247,1791,3407,849,2300,1641,600,853,230,800,2576,2150,2000,1850,3561,3066,2249,1790,3409,845,2481,1641,670,854,230,803,2573,2151,2000,1848
28.824252367019653,3559,3064,2247,1791,3407,849,2300,1641,600,853,230,800,2576,2150,2000,1850,3561,3065,2249,1790,3409,844,2481,1641,668,854,230,801,2574,2151,2000,1848
28.96278476715088,3559,3064,2247,1791,3407,849,2300,1641,600,853,230,800,2576,2150,2000,1850,3560,3065,2249,1790,3409,845,2481,1641,667,854,230,801,2574,2151,2000,1848
29.123374462127686,3559,3064,2247,1791,3407,849,2300,1641,600,853,230,800,2576,2150,2000,1850,3561,3065,2247,1790,3409,846,2481,1641,667,854,230,801,2574,2151,2000,1848
29.234511137008667,3559,3064,2247,1791,3407,849,2300,1641,600,853,230,800,2576,2150,2000,1850,3560,3066,2247,1790,3409,846,2410,1641,663,854,230,800,2574,2151,2000,1848
29.365562677383423,3559,3064,2247,1791,3407,849,2300,1641,600,853,230,800,2576,2150,2000,1850,3560,3066,2247,1790,3407,847,2366,1641,641,853,230,797,2572,2150,2000,1848
29.5107741355896,3559,3064,2247,1791,3407,849,2300,1641,600,853,230,800,2576,2150,2000,1850,3560,3066,2247,1790,3407,847,2366,1641,641,853,230,797,2572,2150,2000,1848
29.63812780380249,3559,3064,2247,1791,3407,849,2300,1641,600,853,230,800,2576,2150,2000,1850,3560,3066,2247,1790,3407,849,2366,1642,641,853,230,797,2572,2150,2000,1848
29.761682748794556,3560,3066,2247,1791,3407,849,2366,1642,641,853,230,797,2572,2150,2000,1848,3560,3066,2247,1790,3407,849,2366,1642,641,853,230,797,2572,2150,2000,1847
29.9058895111084,3559,3041,2247,1803,3407,849,2455,1641,744,853,229,883,2680,2236,2000,1848,3560,3052,2247,1800,3407,851,2366,1642,655,852,230,832,2700,2187,2000,1848
30.05303168296814,3559,3024,2247,1811,3407,848,2515,1641,814,853,229,940,2752,2294,2000,1848,3560,3022,2246,1814,3405,856,2366,1642,767,852,229,903,2778,2262,2000,1849
30.180727005004883,3559,3004,2247,1821,3407,849,2590,1641,900,853,230,1012,2842,2367,2000,1848,3560,3005,2245,1821,3405,857,2366,1642,851,852,230,985,2875,2341,2000,1850
30.327054023742676,3559,2987,2247,1829,3407,849,2649,1641,970,853,230,1069,2914,2425,2000,1848,3558,2985,2245,1830,3406,857,2420,1643,923,852,230,1048,2940,2403,2000,1851
30.448523998260498,3559,2967,2247,1839,3407,849,2724,1641,1056,853,230,1141,3004,2497,2000,1848,3560,2968,2245,1839,3406,857,2510,1644,1011,853,230,1120,3025,2477,2000,1849
30.57950186729431,3559,2946,2247,1850,3407,849,2799,1641,1143,853,230,1213,3094,2570,2000,1849,3560,2947,2245,1850,3407,855,2624,1645,1109,853,230,1203,3123,2557,2000,1851
30.705018520355225,3559,2921,2247,1862,3407,849,2888,1641,1247,853,230,1299,3202,2657,2000,1849,3560,2923,2245,1861,3407,853,2764,1645,1211,853,230,1298,3228,2653,2000,1851
30.86540412902832,3559,2901,2247,1872,3407,849,2963,1641,1334,853,230,1370,3292,2729,2000,1849,3560,2903,2245,1873,3407,853,2860,1645,1328,853,230,1369,3325,2723,2000,1850
30.99595022201538,3559,2880,2247,1882,3407,849,3038,1641,1420,853,230,1442,3382,2802,2000,1849,3560,2886,2245,1879,3407,853,2943,1646,1392,853,230,1438,3408,2794,2000,1850
31.11944818496704,3559,2864,2247,1891,3407,849,3098,1641,1490,853,230,1500,3455,2860,2000,1850,3560,2862,2245,1893,3407,852,3042,1646,1492,853,230,1511,3482,2867,2000,1851
31.24774169921875,3559,2864,2247,1891,3407,849,3098,1641,1490,853,230,1500,3455,2860,2000,1850,3560,2863,2245,1892,3407,852,3077,1646,1468,853,230,1521,3461,2878,2000,1851
31.399507999420166,3559,2864,2247,1891,3407,849,3098,1641,1490,853,230,1500,3455,2860,2000,1850,3560,2863,2245,1891,3407,850,3077,1645,1471,853,230,1515,3457,2878,2000,1850
31.522982358932495,3559,2864,2247,1891,3407,849,3098,1641,1490,853,230,1500,3455,2860,2000,1850,3560,2863,2245,1891,3407,850,3078,1645,1474,853,230,1511,3457,2874,2000,1850
31.671497344970703,3559,2864,2247,1891,3407,849,3098,1641,1490,853,230,1500,3455,2860,2000,1850,3560,2863,2247,1891,3407,850,3083,1646,1476,853,230,1509,3456,2872,2000,1851
31.800753831863403,3559,2864,2247,1891,3407,849,3098,1641,1490,853,230,1500,3455,2860,2000,1850,3560,2863,2247,1891,3407,850,3093,1645,1478,855,230,1507,3457,2869,2000,1850
31.941792964935303,3559,2864,2247,1891,3407,849,3098,1641,1490,853,230,1500,3455,2860,2000,1850,3560,2863,2247,1891,3407,850,3093,1645,1479,855,230,1506,3457,2868,2000,1850
32.08113360404968,3559,2864,2247,1891,3407,849,3098,1641,1490,853,230,1500,3455,2860,2000,1850,3560,2864,2247,1892,3407,850,3094,1645,1481,855,230,1505,3456,2868,2000,1851
32.21292233467102,3559,2864,2247,1891,3407,849,3098,1641,1490,853,230,1500,3455,2860,2000,1850,3560,2864,2247,1892,3407,850,3093,1645,1482,855,230,1503,3456,2865,2000,1850
32.341965198516846,3559,2876,2247,1884,3407,849,3045,1644,1428,854,230,1461,3402,2823,2000,1850,3560,2877,2247,1883,3407,850,3080,1645,1413,855,230,1481,3388,2840,2000,1851
32.46716833114624,3559,2900,2247,1872,3407,849,2948,1644,1320,854,230,1375,3294,2735,2000,1850,3560,2893,2248,1875,3407,849,2996,1645,1297,855,230,1382,3264,2738,2000,1851
32.62551832199097,3559,2921,2247,1862,3407,849,2867,1643,1230,854,230,1303,3204,2662,2000,1850,3560,2917,2248,1864,3407,849,2913,1644,1228,855,230,1321,3184,2676,2000,1851
32.744364738464355,3559,2949,2247,1848,3407,849,2753,1643,1104,854,230,1202,3078,2559,2000,1850,3559,2949,2248,1848,3406,848,2807,1639,1092,856,230,1205,3045,2556,2000,1850
32.89525580406189,3559,2966,2247,1839,3407,849,2688,1642,1032,853,230,1145,3007,2501,2000,1850,3559,2967,2248,1840,3406,848,2745,1639,1039,856,230,1152,2996,2502,2000,1849
33.00786733627319,3559,2986,2247,1829,3407,849,2607,1642,942,853,230,1073,2917,2428,2000,1850,3559,2987,2249,1829,3406,847,2680,1639,954,856,230,1086,2911,2439,2000,1849
33.140223026275635,3559,3010,2247,1817,3407,849,2510,1642,834,853,230,987,2809,2340,2000,1850,3560,3007,2251,1819,3407,845,2604,1639,871,856,230,999,2797,2357,2000,1849
33.27896428108215,3559,3035,2247,1805,3407,849,2413,1641,726,853,230,900,2701,2252,2000,1850,3560,3032,2252,1806,3407,844,2533,1638,788,856,230,919,2692,2273,2000,1848
33.40854835510254,3559,3059,2247,1793,3407,849,2316,1641,618,853,230,814,2593,2164,2000,1850,3560,3058,2252,1794,3408,843,2443,1639,655,856,230,832,2574,2178,2000,1849
33.55378746986389,3559,3064,2247,1791,3407,849,2300,1641,600,853,230,800,2576,2150,2000,1850,3561,3066,2252,1790,3408,843,2373,1639,609,856,230,795,2569,2142,2000,1851
33.67985987663269,3559,3064,2247,1791,3407,849,2300,1641,600,853,230,800,2576,2150,2000,1850,3561,3066,2252,1790,3408,843,2373,1639,608,856,230,795,2571,2142,2000,1850
33.82331395149231,3559,3064,2247,1791,3407,849,2300,1641,600,853,230,800,2576,2150,2000,1850,3561,3066,2252,1790,3408,843,2372,1640,608,856,230,795,2571,2142,2000,1850
33.95901823043823,3559,3064,2247,1791,3407,849,2300,1641,600,853,230,800,2576,2150,2000,1850,3561,3066,2252,1790,3407,843,2372,1640,608,856,230,795,2571,2141,2000,1850
34.09535598754883,3559,3064,2247,1791,3407,849,2300,1641,600,853,230,800,2576,2150,2000,1850,3561,3066,2250,1790,3408,845,2372,1640,608,856,230,795,2572,2141,2000,1850
34.22811770439148,3559,3064,2247,1791,3407,849,2300,1641,600,853,230,800,2576,2150,2000,1850,3560,3066,2250,1790,3407,845,2372,1640,608,855,230,795,2573,2141,2000,1850
34.35354018211365,3559,3064,2247,1791,3407,849,2300,1641,600,853,230,800,2576,2150,2000,1850,3560,3066,2250,1790,3408,845,2372,1640,608,855,230,795,2573,2141,2000,1850
34.495689392089844,3559,3064,2247,1791,3407,849,2300,1641,600,853,230,800,2576,2150,2000,1850,3560,3066,2248,1790,3408,847,2372,1641,608,855,230,795,2573,2141,2000,1851
34.68946886062622,3559,3053,2247,1796,3407,846,2416,1640,662,854,230,838,2627,2185,2000,1850,3560,3063,2248,1791,3408,847,2372,1640,630,855,230,808,2637,2157,2000,1850
34.79899454116821,3559,3041,2247,1802,3407,846,2460,1640,716,854,229,881,2681,2229,2000,1850,3560,3044,2243,1802,3407,855,2373,1640,705,854,230,852,2693,2205,2000,1850
34.91938543319702,3559,3020,2247,1812,3407,846,2534,1640,806,854,230,953,2771,2302,2000,1850,3560,3027,2242,1812,3407,856,2372,1640,796,854,230,920,2797,2274,2001,1850
35.043402671813965,3559,3000,2247,1822,3407,846,2609,1640,896,854,230,1025,2861,2375,2000,1850,3560,3001,2242,1823,3406,856,2411,1640,883,854,230,993,2873,2348,2000,1851
35.17184805870056,3559,2979,2247,1833,3407,847,2683,1640,986,854,230,1097,2951,2449,2000,1850,3560,2981,2242,1832,3406,856,2504,1642,968,854,230,1081,2973,2435,2001,1851
35.31319332122803,3559,2958,2247,1843,3407,847,2757,1640,1076,853,230,1169,3041,2522,2000,1850,3560,2960,2241,1843,3407,856,2606,1641,1071,854,230,1153,3061,2507,2000,1850
35.44297480583191,3559,2934,2247,1855,3407,847,2846,1640,1184,853,230,1255,3149,2610,2000,1850,3560,2935,2241,1854,3407,855,2715,1642,1180,853,230,1241,3173,2596,2000,1850
35.56762909889221,3559,2909,2247,1868,3407,848,2935,1640,1292,853,230,1341,3257,2698,2000,1850,3559,2914,2241,1867,3407,855,2844,1642,1298,853,230,1340,3288,2692,2000,1850
35.71329975128174,3559,2888,2247,1878,3407,848,3009,1640,1382,853,230,1413,3347,2771,2000,1850,3559,2892,2243,1876,3407,854,2925,1642,1378,853,230,1411,3368,2766,2000,1850
35.84403419494629,3559,2864,2247,1891,3407,849,3098,1641,1490,853,230,1500,3455,2860,2000,1850,3559,2867,2245,1889,3407,853,3042,1643,1491,853,230,1510,3489,2866,2000,1850
35.989357471466064,3559,2864,2247,1891,3407,849,3098,1641,1490,853,230,1500,3455,2860,2000,1850,3559,2863,2245,1892,3407,853,3088,1643,1482,853,230,1528,3462,2884,2000,1850
36.12170696258545,3559,2864,2247,1891,3407,849,3098,1641,1490,853,230,1500,3455,2860,2000,1850,3559,2863,2245,1892,3407,853,3088,1643,1484,853,230,1519,3457,2882,2000,1850
36.25824522972107,3559,2864,2247,1891,3407,849,3098,1641,1490,853,230,1500,3455,2860,2000,1850,3559,2863,2245,1892,3407,852,3089,1642,1487,853,230,1512,3457,2877,2000,1850
36.38728666305542,3559,2864,2247,1891,3407,849,3098,1641,1490,853,230,1500,3455,2860,2000,1850,3559,2863,2245,1892,3406,852,3092,1642,1487,853,230,1510,3457,2873,2000,1850
36.51254153251648,3559,2864,2247,1891,3407,849,3098,1641,1490,853,230,1500,3455,2860,2000,1850,3559,2863,2247,1892,3407,852,3092,1643,1487,852,230,1508,3457,2870,2000,1850
36.65664076805115,3559,2864,2247,1891,3407,849,3098,1641,1490,853,230,1500,3455,2860,2000,1850,3560,2862,2247,1892,3407,849,3093,1643,1488,852,229,1507,3457,2869,2000,1850
36.80253219604492,3559,2864,2247,1891,3407,849,3098,1641,1490,853,230,1500,3455,2860,2000,1850,3560,2863,2247,1891,3407,849,3094,1643,1488,852,229,1505,3457,2868,2000,1850
36.94861912727356,3559,2864,2247,1891,3407,849,3098,1641,1490,853,230,1500,3455,2860,2000,1850,3560,2863,2247,1891,3407,849,3094,1643,1488,852,229,1503,3457,2865,2000,1849
37.105671405792236,3559,2867,2246,1888,3407,849,3077,1642,1469,852,229,1490,3439,2853,2000,1849,3560,2863,2247,1891,3407,849,3094,1643,1487,852,229,1500,3438,2860,2000,1849
37.20105814933777,3559,2887,2247,1878,3407,849,2996,1642,1379,852,229,1418,3349,2780,2000,1849,3560,2881,2247,1881,3407,849,3033,1643,1373,852,229,1429,3330,2788,2000,1849
37.343817472457886,3559,2912,2247,1866,3406,849,2899,1642,1270,852,229,1332,3241,2692,2000,1849,3561,2912,2247,1867,3407,848,2943,1642,1252,852,229,1341,3211,2697,2000,1849
37.48974084854126,3559,2924,2247,1860,3407,849,2850,1642,1216,852,229,1289,3187,2648,2000,1849,3560,2924,2247,1860,3407,848,2899,1641,1215,852,229,1297,3179,2651,2000,1848
37.599533557891846,3559,2949,2247,1848,3407,849,2753,1642,1107,852,229,1202,3079,2560,2000,1849,3560,2946,2248,1849,3406,847,2824,1641,1103,853,229,1207,3052,2559,2000,1849
37.748151779174805,3559,2965,2247,1839,3407,849,2688,1641,1034,852,229,1145,3007,2501,2000,1849,3560,2963,2249,1841,3406,847,2760,1640,1047,853,229,1149,2988,2505,2000,1848
37.87370419502258,3559,2986,2247,1829,3407,849,2607,1641,944,852,229,1073,2917,2428,2000,1849,3561,2981,2249,1830,3406,847,2700,1641,988,853,229,1087,2910,2442,2000,1848
37.99904727935791,3559,3006,2247,1819,3407,849,2526,1641,853,852,229,1001,2827,2355,2000,1849,3561,3004,2249,1819,3406,846,2616,1641,885,854,229,1003,2804,2358,2000,1848
38.142820596694946,3559,3031,2247,1807,3407,849,2429,1641,744,852,229,915,2719,2267,2000,1849,3561,3028,2250,1809,3407,845,2533,1641,790,854,229,922,2698,2273,2000,1848
38.293707609176636,3559,3047,2247,1799,3407,849,2364,1641,672,852,229,857,2647,2208,2000,1849,3561,3049,2252,1797,3407,845,2460,1641,704,856,229,869,2627,2216,2000,1848
38.415327310562134,3559,3064,2247,1791,3407,849,2300,1641,600,853,230,800,2576,2150,2000,1850,3561,3065,2252,1790,3408,844,2433,1641,675,856,230,816,2560,2159,2000,1848
38.542555809020996,3559,3064,2247,1791,3407,849,2300,1641,600,853,230,800,2576,2150,2000,1850,3561,3066,2252,1790,3408,845,2432,1641,632,856,230,797,2572,2145,2000,1848
38.67092776298523,3559,3064,2247,1791,3407,849,2300,1641,600,853,230,800,2576,2150,2000,1850,3561,3066,2252,1790,3408,845,2432,1641,632,856,230,797,2572,2145,2000,1848
38.81540536880493,3559,3064,2247,1791,3407,849,2300,1641,600,853,230,800,2576,2150,2000,1850,3561,3066,2252,1790,3408,845,2432,1641,632,856,230,797,2572,2145,2000,1848
38.96982169151306,3559,3064,2247,1791,3407,849,2300,1641,600,853,230,800,2576,2150,2000,1850,3561,3066,2250,1790,3408,845,2432,1641,632,856,230,797,2572,2145,2000,1848
39.0875129699707,3559,3064,2247,1791,3407,849,2300,1641,600,853,230,800,2576,2150,2000,1850,3561,3066,2250,1790,3408,845,2372,1641,630,855,230,797,2572,2145,2000,1848
39.21461296081543,3559,3064,2247,1791,3407,849,2300,1641,600,853,230,800,2576,2150,2000,1850,3560,3066,2250,1790,3408,845,2372,1641,629,855,230,797,2572,2145,2000,1848
39.343278646469116,3559,3064,2247,1791,3407,849,2300,1641,600,853,230,800,2576,2150,2000,1850,3560,3066,2250,1790,3408,845,2372,1641,629,855,230,797,2573,2145,2000,1848
39.49225449562073,3560,3066,2250,1790,3408,845,2372,1641,629,855,230,797,2573,2145,2000,1848,3560,3066,2250,1790,3408,845,2372,1641,629,855,230,797,2573,2145,2000,1848
39.630533933639526,3559,3041,2249,1802,3407,845,2460,1641,734,854,229,883,2681,2232,2000,1848,3560,3045,2248,1803,3407,849,2372,1641,704,855,229,847,2711,2201,2000,1848
39.782334089279175,3559,3020,2249,1812,3407,845,2534,1640,822,854,230,954,2771,2305,2000,1848,3560,3025,2243,1812,3406,857,2372,1641,778,854,230,918,2804,2273,2000,1849
39.91144776344299,3559,3000,2249,1822,3407,846,2609,1641,910,854,230,1026,2861,2378,2000,1848,3560,3004,2243,1823,3406,857,2372,1642,877,854,230,986,2875,2345,2000,1849
40.04286789894104,3559,2983,2248,1831,3407,846,2668,1641,980,854,230,1083,2933,2436,2000,1848,3559,2983,2242,1831,3406,857,2435,1644,951,855,230,1070,2952,2426,2000,1850
40.162501096725464,3559,2958,2248,1843,3407,847,2757,1641,1085,853,230,1170,3041,2524,2000,1849,3559,2963,2241,1842,3406,855,2553,1644,1055,855,230,1146,3065,2504,2000,1851
40.30722761154175,3559,2938,2248,1853,3407,847,2831,1641,1173,853,230,1241,3131,2597,2000,1849,3559,2940,2242,1852,3406,855,2675,1645,1152,855,230,1236,3160,2592,2000,1851
40.44757676124573,3559,2921,2247,1862,3407,847,2890,1641,1244,853,230,1299,3203,2655,2000,1849,3559,2920,2243,1864,3407,854,2772,1646,1245,855,230,1297,3230,2652,2000,1851
40.58270716667175,3559,2905,2247,1870,3407,848,2949,1641,1314,853,230,1356,3275,2714,2000,1849,3559,2910,2243,1869,3407,854,2849,1646,1307,855,230,1357,3303,2711,2000,1851
40.71218490600586,3559,2884,2247,1880,3407,848,3023,1641,1402,853,230,1428,3364,2787,2000,1849,3560,2886,2243,1879,3407,852,2940,1646,1407,855,230,1428,3397,2784,2000,1850
40.85042381286621,3559,2872,2247,1886,3407,848,3068,1641,1454,853,230,1471,3419,2830,2000,1849,3560,2876,2245,1885,3406,852,3019,1646,1446,855,230,1480,3440,2837,2000,1851
40.98118329048157,3559,2864,2247,1891,3407,849,3098,1641,1490,853,230,1500,3455,2860,2000,1850,3560,2862,2245,1891,3407,852,3075,1646,1476,854,230,1518,3465,2874,2000,1851
41.12357449531555,3559,2864,2247,1891,3407,849,3098,1641,1490,853,230,1500,3455,2860,2000,1850,3560,2863,2245,1892,3407,852,3080,1646,1482,854,230,1518,3459,2876,2000,1851
41.249183654785156,3559,2864,2247,1891,3407,849,3098,1641,1490,853,230,1500,3455,2860,2000,1850,3560,2863,2246,1892,3407,852,3084,1647,1482,854,230,1513,3458,2874,2000,1851
41.377787590026855,3559,2864,2247,1891,3407,849,3098,1641,1490,853,230,1500,3455,2860,2000,1850,3560,2863,2247,1891,3407,851,3084,1646,1482,853,230,1510,3458,2874,2000,1850
41.51929306983948,3559,2864,2247,1891,3407,849,3098,1641,1490,853,230,1500,3455,2860,2000,1850,3560,2863,2247,1891,3407,851,3084,1646,1482,853,230,1508,3458,2874,2000,1851
41.649481534957886,3559,2864,2247,1891,3407,849,3098,1641,1490,853,230,1500,3455,2860,2000,1850,3560,2863,2247,1891,3407,851,3084,1646,1484,852,230,1507,3458,2869,2000,1851
41.79607582092285,3559,2864,2247,1891,3407,849,3098,1641,1490,853,230,1500,3455,2860,2000,1850,3560,2863,2247,1891,3407,850,3090,1646,1484,853,230,1505,3458,2868,2000,1850
41.929609298706055,3559,2864,2247,1891,3407,849,3098,1641,1490,853,230,1500,3455,2860,2000,1850,3560,2863,2247,1892,3407,850,3098,1646,1485,852,230,1505,3458,2868,2000,1850
42.050392389297485,3559,2863,2247,1892,3407,850,3098,1646,1485,852,230,1503,3458,2867,2000,1851,3559,2863,2247,1892,3407,850,3098,1646,1483,852,230,1505,3458,2865,2000,1851
42.199105978012085,3559,2883,2247,1881,3407,849,3016,1645,1394,852,230,1431,3368,2793,2000,1850,3559,2877,2247,1884,3407,849,3056,1646,1378,852,230,1450,3345,2811,2000,1850
42.32456970214844,3559,2904,2247,1871,3407,849,2935,1644,1304,852,229,1359,3278,2720,2000,1850,3559,2897,2247,1874,3407,849,2973,1645,1295,853,230,1367,3253,2723,2000,1850
42.47041726112366,3559,2924,2247,1861,3407,849,2853,1644,1214,852,230,1287,3188,2647,2000,1850,3559,2917,2247,1864,3407,848,2909,1643,1216,853,230,1297,3167,2654,2000,1850
42.59152793884277,3559,2949,2247,1848,3407,849,2756,1643,1105,852,230,1201,3080,2559,2000,1850,3560,2945,2247,1849,3406,847,2829,1639,1093,853,230,1204,3048,2558,2000,1849
42.74436616897583,3559,2969,2247,1838,3407,849,2674,1643,1015,852,230,1129,2990,2486,2000,1850,3560,2964,2247,1840,3406,846,2759,1640,1031,853,230,1132,2960,2489,2000,1849
42.8700225353241,3559,2994,2247,1826,3407,849,2576,1642,907,852,230,1043,2882,2398,2000,1850,3560,2994,2248,1827,3406,845,2674,1639,943,853,230,1050,2852,2407,2000,1849
43.01437449455261,3559,3010,2247,1817,3407,849,2511,1642,834,852,230,986,2810,2340,2000,1850,3560,3007,2249,1819,3406,844,2612,1639,872,853,230,996,2795,2349,2000,1849
43.141571283340454,3559,3035,2247,1805,3407,849,2414,1641,726,852,230,900,2702,2252,2000,1850,3561,3036,2251,1805,3407,843,2536,1638,766,854,230,910,2673,2262,2000,1849
43.28646492958069,3559,3051,2247,1797,3407,849,2348,1641,654,852,230,843,2630,2193,2000,1850,3561,3053,2252,1796,3407,843,2455,1639,690,854,230,853,2608,2196,2000,1849
43.41261291503906,3559,3064,2247,1791,3407,849,2300,1641,600,853,230,800,2576,2150,2000,1850,3561,3067,2252,1789,3408,843,2414,1639,664,854,230,808,2558,2153,2000,1848
43.541850090026855,3559,3064,2247,1791,3407,849,2300,1641,600,853,230,800,2576,2150,2000,1850,3561,3066,2252,1789,3408,843,2413,1640,629,854,230,799,2571,2147,2000,1848
43.67976379394531,3559,3064,2247,1791,3407,849,2300,1641,600,853,230,800,2576,2150,2000,1850,3561,3066,2252,1789,3408,843,2413,1640,629,854,230,799,2572,2147,2000,1848
43.819167137145996,3559,3064,2247,1791,3407,849,2300,1641,600,853,230,800,2576,2150,2000,1850,3561,3066,2252,1790,3408,844,2413,1640,629,854,230,799,2572,2147,2000,1848
43.95716977119446,3559,3064,2247,1791,3407,849,2300,1641,600,853,230,800,2576,2150,2000,1850,3561,3066,2252,1789,3408,844,2412,1640,629,854,230,799,2572,2147,2000,1848
44.105231285095215,3559,3064,2247,1791,3407,849,2300,1641,600,853,230,800,2576,2150,2000,1850,3561,3066,2250,1789,3408,844,2413,1640,629,854,230,799,2572,2146,2000,1849
44.22329354286194,3559,3064,2247,1791,3407,849,2300,1641,600,853,230,800,2576,2150,2000,1850,3560,3066,2250,1789,3408,844,2412,1641,629,854,230,799,2572,2146,2000,1848
44.355984926223755,3559,3064,2247,1791,3407,849,2300,1641,600,853,230,800,2576,2150,2000,1850,3560,3066,2250,1790,3408,844,2413,1641,629,854,230,799,2573,2146,2000,1848
44.480334758758545,3559,3061,2249,1792,3407,844,2426,1640,646,853,230,813,2591,2160,2000,1848,3561,3066,2250,1789,3408,844,2412,1640,629,854,230,799,2586,2147,2000,1848
44.63965344429016,3559,3041,2249,1802,3407,844,2496,1641,734,853,229,884,2681,2233,2000,1848,3561,3051,2249,1801,3407,846,2413,1641,702,853,230,843,2704,2196,2000,1848
44.76769518852234,3559,3020,2249,1812,3407,845,2566,1640,822,853,230,956,2771,2306,2000,1848,3560,3020,2243,1814,3406,858,2412,1641,785,853,230,928,2805,2283,2000,1849
44.91658902168274,3559,3004,2249,1820,3407,845,2622,1641,892,853,230,1013,2843,2364,2000,1848,3559,3007,2243,1822,3406,859,2414,1641,856,853,230,976,2861,2334,2000,1850
45.025829553604126,3559,2979,2248,1833,3407,846,2706,1641,998,853,230,1099,2951,2452,2000,1848,3559,2981,2243,1832,3406,858,2470,1643,961,853,230,1078,2977,2434,2000,1850
45.167025566101074,3559,2958,2248,1843,3407,846,2776,1641,1085,853,230,1170,3041,2524,2000,1849,3559,2958,2241,1845,3406,858,2568,1643,1070,853,230,1156,3069,2512,2000,1851
45.29558873176575,3559,2938,2248,1853,3407,847,2846,1641,1173,853,230,1242,3131,2597,2000,1849,3559,2939,2243,1854,3406,856,2687,1644,1153,853,230,1240,3161,2595,2000,1851
45.444655418395996,3559,2917,2247,1864,3407,847,2916,1641,1261,853,230,1314,3221,2670,2000,1849,3560,2918,2243,1866,3406,855,2784,1645,1258,853,230,1307,3255,2663,2000,1850
45.56704139709473,3559,2892,2247,1876,3407,848,3000,1641,1367,853,230,1399,3329,2758,2000,1849,3559,2898,2243,1874,3406,854,2880,1645,1352,853,230,1391,3351,2747,2000,1851
45.69775986671448,3559,2868,2247,1888,3407,848,3084,1641,1472,853,230,1485,3437,2845,2000,1849,3560,2871,2244,1887,3406,853,3000,1645,1470,853,230,1485,3470,2841,2000,1851
45.85069727897644,3559,2864,2247,1891,3407,849,3098,1641,1490,853,230,1500,3455,2860,2000,1850,3559,2863,2245,1892,3407,853,3064,1645,1478,853,230,1521,3465,2878,2000,1852
45.97125220298767,3559,2864,2247,1891,3407,849,3098,1641,1490,853,230,1500,3455,2860,2000,1850,3560,2863,2245,1892,3407,853,3070,1645,1478,853,230,1517,3458,2876,2000,1851
46.115933895111084,3559,2864,2247,1891,3407,849,3098,1641,1490,853,230,1500,3455,2860,2000,1850,3560,2863,2245,1892,3407,852,3070,1646,1480,853,230,1513,3458,2876,2000,1851
46.254762172698975,3559,2864,2247,1891,3407,849,3098,1641,1490,853,230,1500,3455,2860,2000,1850,3559,2863,2245,1892,3407,852,3074,1645,1481,854,230,1510,3458,2875,2000,1851
46.38478708267212,3559,2864,2247,1891,3407,849,3098,1641,1490,853,230,1500,3455,2860,2000,1850,3560,2863,2246,1892,3407,852,3089,1645,1483,855,230,1509,3458,2872,2000,1850
46.513030767440796,3559,2864,2247,1891,3407,849,3098,1641,1490,853,230,1500,3455,2860,2000,1850,3560,2863,2247,1892,3407,851,3092,1645,1483,855,230,1507,3458,2869,2000,1851
46.64727282524109,3559,2864,2247,1891,3407,849,3098,1641,1490,853,230,1500,3455,2860,2000,1850,3560,2863,2247,1892,3407,850,3092,1645,1484,855,230,1506,3458,2868,2000,1851
46.798683166503906,3559,2864,2247,1891,3407,849,3098,1641,1490,853,230,1500,3455,2860,2000,1850,3560,2863,2247,1892,3406,850,3092,1645,1484,855,230,1505,3458,2868,2000,1850
46.91658043861389,3559,2867,2246,1889,3407,849,3075,1644,1466,854,230,1488,3440,2852,2000,1850,3560,2864,2247,1892,3406,849,3092,1645,1471,855,230,1500,3441,2861,2000,1850
47.05439758300781,3559,2891,2247,1877,3407,849,2978,1644,1358,854,230,1402,3332,2764,2000,1850,3560,2884,2247,1880,3407,849,3024,1645,1355,855,230,1414,3313,2773,2000,1850
47.21902346611023,3559,2904,2247,1871,3407,848,2930,1644,1304,854,229,1359,3278,2720,2000,1849,3560,2900,2247,1872,3407,849,2949,1645,1286,855,230,1366,3257,2723,2000,1849
47.329617738723755,3559,2928,2247,1859,3407,849,2833,1643,1196,854,230,1273,3170,2632,2000,1850,3560,2923,2248,1861,3407,847,2877,1643,1186,855,230,1278,3142,2635,2000,1850
47.472596645355225,3559,2945,2247,1850,3407,849,2768,1643,1123,854,230,1216,3098,2574,2000,1850,3559,2942,2248,1851,3406,847,2821,1639,1118,856,230,1229,3098,2583,2000,1850
47.58244585990906,3559,2969,2247,1838,3407,849,2671,1642,1015,853,230,1129,2990,2486,2000,1850,3559,2967,2249,1839,3407,846,2738,1639,1006,856,230,1131,2964,2484,2000,1850
47.727710247039795,3559,2994,2247,1826,3407,849,2574,1642,907,853,230,1043,2882,2398,2000,1850,3559,2993,2250,1826,3407,845,2673,1639,947,856,230,1056,2860,2412,2000,1849
47.860493183135986,3559,3002,2247,1821,3407,849,2542,1642,870,853,230,1015,2846,2369,2000,1850,3560,3004,2251,1821,3407,845,2603,1639,886,856,230,1003,2838,2359,2000,1849
