t_rel,phase,deg_0,deg_1,deg_2,deg_3,deg_4,deg_5,deg_6,cmd_0,cmd_1,cmd_2,cmd_3,cmd_4,cmd_5,cmd_6,cmd_7,cmd_8,cmd_9,cmd_10,cmd_11,cmd_12,cmd_13,cmd_14,cmd_15,act_0,act_1,act_2,act_3,act_4,act_5,act_6,act_7,act_8,act_9,act_10,act_11,act_12,act_13,act_14,act_15,expected_ang_cmd_7,expected_ang_cmd_7,expected_ang_cmd_8,expected_ang_cmd_9,expected_ang_cmd_12,expected_ang_cmd_13,expected_ang_cmd_14,expected_ang_act_7,expected_ang_act_7,expected_ang_act_8,expected_ang_act_9,expected_ang_act_12,expected_ang_act_13,expected_ang_act_14
0.001674652099609375,init_open,nan,nan,nan,nan,nan,nan,65.48,3559,2864,2247,1891,3407,849,2983,1641,1249,853,230,1060,3042,2288,2000,1850,3560,2899,2248,1874,3409,838,1893,1411,1249,854,230,514,3042,1810,2000,1903,236.00,236.00,100.90,300.00,80.00,210.00,170.00,93.35,93.35,91.55,300.00,41.55,210.00,135.35
0.13564443588256836,init_open,92.02,183.96,105.38,316.23,108.46,147.83,65.57,3559,2864,2247,1891,3407,849,2983,1641,1249,853,230,1060,3042,2288,2000,1850,3560,2899,2248,1874,3409,838,1895,1412,1249,854,230,515,3042,1812,2000,1902,236.00,236.00,100.90,300.00,80.00,210.00,170.00,93.61,93.61,91.59,300.00,41.62,210.00,135.49
0.2706913948059082,init_open,92.11,183.96,101.34,316.14,108.46,147.92,65.48,3559,2864,2247,1891,3407,849,2983,1641,1249,853,230,1060,3042,2288,2000,1850,3560,2895,2247,1875,3409,839,1983,1450,1249,854,230,566,3042,1865,2000,1894,236.00,236.00,100.90,300.00,80.00,210.00,170.00,105.13,105.13,93.13,300.00,45.21,210.00,139.33
0.405651330947876,init_open,92.11,189.58,82.79,316.14,106.96,147.48,62.14,3559,2864,2247,1891,3407,849,2983,1641,1249,853,230,1060,3042,2288,2000,1850,3560,2888,2247,1878,3408,841,2175,1487,1249,853,230,663,3042,1953,1999,1886,236.00,236.00,100.90,300.00,80.00,210.00,170.00,130.25,130.25,94.64,300.00,52.04,210.00,145.71
0.5406451225280762,init_open,91.93,197.67,67.85,316.14,104.41,148.54,56.07,3559,2864,2247,1891,3407,849,2983,1641,1249,853,230,1060,3042,2288,2000,1850,3560,2884,2247,1880,3408,841,2336,1521,1249,853,230,743,3042,2019,2000,1878,236.00,236.00,100.90,300.00,80.00,210.00,170.00,151.32,151.32,96.02,300.00,57.68,210.00,150.50
0.6757209300994873,init_open,91.67,217.71,48.87,316.14,104.33,153.72,56.07,3559,2864,2247,1891,3407,849,2983,1641,1249,853,230,1060,3042,2288,2000,1850,3560,2878,2247,1883,3407,843,2519,1555,1249,853,230,841,3042,2102,2000,1870,236.00,236.00,100.90,300.00,80.00,210.00,170.00,175.27,175.27,97.40,300.00,64.58,210.00,156.52
0.8113892078399658,init_open,89.47,235.02,24.35,310.34,104.41,160.14,56.95,3559,2864,2247,1891,3407,849,2983,1641,1249,853,230,1060,3042,2288,2000,1850,3560,2873,2246,1885,3407,846,2666,1588,1249,853,230,918,3042,2168,2000,1862,236.00,236.00,100.90,300.00,80.00,210.00,170.00,194.51,194.51,98.74,300.00,70.00,210.00,161.30
0.9457218647003174,init_open,84.55,233.00,19.07,274.39,104.85,168.75,41.66,3559,2864,2247,1891,3407,849,2983,1641,1249,853,230,1060,3042,2288,2000,1850,3560,2867,2246,1888,3407,847,2847,1627,1249,853,230,1010,3042,2249,2000,1854,236.00,236.00,100.90,300.00,80.00,210.00,170.00,218.20,218.20,100.33,300.00,76.48,210.00,167.17
1.0806605815887451,init_open,85.61,233.53,13.54,274.75,104.94,168.75,41.48,3559,2864,2247,1891,3407,849,2983,1641,1249,853,230,1060,3042,2288,2000,1850,3560,2864,2246,1891,3408,849,2999,1647,1249,853,230,1066,3042,2299,2000,1851,236.00,236.00,100.90,300.00,80.00,210.00,170.00,238.09,238.09,101.14,300.00,80.42,210.00,170.80
1.2159202098846436,init_open,85.34,233.53,13.71,274.31,104.94,168.84,41.48,3559,2864,2247,1891,3407,849,2983,1641,1249,853,230,1060,3042,2288,2000,1850,3560,2864,2246,1891,3407,850,3034,1642,1249,853,230,1070,3042,2305,2000,1850,236.00,236.00,100.90,300.00,80.00,210.00,170.00,242.67,242.67,100.94,300.00,80.70,210.00,171.23
1.3507111072540283,init_open,85.43,233.53,13.54,274.31,104.94,168.84,41.57,3559,2864,2247,1891,3407,849,2983,1641,1249,853,230,1060,3042,2288,2000,1850,3560,2864,2246,1891,3407,851,3023,1642,1249,853,230,1070,3042,2303,2000,1850,236.00,236.00,100.90,300.00,80.00,210.00,170.00,241.23,241.23,100.94,300.00,80.70,210.00,171.09
1.4859564304351807,init_open,85.25,233.53,13.54,274.39,104.94,168.93,41.48,3559,2864,2247,1891,3407,849,2983,1641,1249,853,230,1060,3042,2288,2000,1850,3560,2864,2246,1891,3407,851,3022,1642,1249,853,230,1070,3042,2301,2000,1851,236.00,236.00,100.90,300.00,80.00,210.00,170.00,241.10,241.10,100.94,300.00,80.70,210.00,170.94
1.620844841003418,init_open,85.34,233.53,13.54,274.31,104.94,168.93,41.57,3559,2864,2247,1891,3407,849,2983,1641,1249,853,230,1060,3042,2288,2000,1850,3560,2864,2246,1891,3408,851,3007,1642,1249,853,230,1070,3042,2300,2000,1850,236.00,236.00,100.90,300.00,80.00,210.00,170.00,239.14,239.14,100.94,300.00,80.70,210.00,170.87
1.755728006362915,init_open,85.34,233.53,13.54,274.31,104.94,168.93,41.57,3559,2864,2247,1891,3407,849,2983,1641,1249,853,230,1060,3042,2288,2000,1850,3560,2864,2246,1891,3407,851,3003,1642,1249,853,230,1070,3042,2296,2000,1850,236.00,236.00,100.90,300.00,80.00,210.00,170.00,238.62,238.62,100.94,300.00,80.70,210.00,170.58
1.8908171653747559,init_open,85.34,233.53,13.62,274.39,104.94,169.01,41.57,3559,2864,2247,1891,3407,849,2983,1641,1249,853,230,1060,3042,2288,2000,1850,3560,2864,2246,1891,3407,851,3004,1642,1249,853,230,1070,3042,2293,2000,1850,236.00,236.00,100.90,300.00,80.00,210.00,170.00,238.75,238.75,100.94,300.00,80.70,210.00,170.36
2.025789260864258,init_open,85.43,233.53,13.54,274.22,104.94,168.93,41.57,3559,2864,2247,1891,3407,849,2983,1641,1249,853,230,1060,3042,2288,2000,1850,3560,2864,2246,1891,3408,851,3003,1642,1249,854,230,1070,3042,2291,2000,1850,236.00,236.00,100.90,300.00,80.00,210.00,170.00,238.62,238.62,100.94,300.00,80.70,210.00,170.22
2.160743236541748,init_open,85.43,233.61,13.62,274.39,104.85,169.01,41.66,3559,2864,2247,1891,3407,849,2983,1641,1249,853,230,1060,3042,2288,2000,1850,3560,2864,2246,1891,3407,851,2990,1642,1249,854,230,1070,3042,2291,2000,1850,236.00,236.00,100.90,300.00,80.00,210.00,170.00,236.92,236.92,100.94,300.00,80.70,210.00,170.22
2.2957470417022705,init_open,85.34,233.53,13.62,274.39,104.85,169.01,41.57,3559,2864,2247,1891,3407,849,2983,1641,1249,853,230,1060,3042,2288,2000,1850,3560,2864,2246,1891,3407,851,2990,1642,1249,854,230,1070,3042,2291,2000,1851,236.00,236.00,100.90,300.00,80.00,210.00,170.00,236.92,236.92,100.94,300.00,80.70,210.00,170.22
2.4309446811676025,init_open,85.34,233.53,13.62,274.31,104.94,169.01,41.57,3559,2864,2247,1891,3407,849,2983,1641,1249,853,230,1060,3042,2288,2000,1850,3560,2864,2246,1891,3407,851,2990,1642,1249,854,230,1070,3042,2291,2000,1850,236.00,236.00,100.90,300.00,80.00,210.00,170.00,236.92,236.92,100.94,300.00,80.70,210.00,170.22
2.5656821727752686,init_open,85.34,233.53,13.62,274.31,104.94,169.01,41.57,3559,2864,2247,1891,3407,849,2983,1641,1249,853,230,1060,3042,2288,2000,1850,3560,2864,2246,1891,3408,851,2990,1642,1249,854,230,1068,3042,2291,2000,1850,236.00,236.00,100.90,300.00,80.00,210.00,170.00,236.92,236.92,100.94,300.00,80.56,210.00,170.22
2.7010560035705566,init_open,85.34,233.53,13.62,274.31,104.85,169.01,41.57,3559,2864,2247,1891,3407,849,2983,1641,1249,853,230,1060,3042,2288,2000,1850,3560,2864,2246,1891,3407,851,2990,1642,1249,854,230,1068,3042,2291,2000,1850,236.00,236.00,100.90,300.00,80.00,210.00,170.00,236.92,236.92,100.94,300.00,80.56,210.00,170.22
2.8359899520874023,init_open,85.34,233.53,13.45,274.31,104.85,169.10,41.57,3559,2864,2247,1891,3407,849,2983,1641,1249,853,230,1060,3042,2288,2000,1850,3560,2864,2246,1891,3407,851,2990,1642,1249,854,230,1066,3042,2290,2000,1850,236.00,236.00,100.90,300.00,80.00,210.00,170.00,236.92,236.92,100.94,300.00,80.42,210.00,170.14
2.971015214920044,init_open,85.34,233.53,13.54,274.31,104.85,169.10,41.57,3559,2864,2247,1891,3407,849,2983,1641,1249,853,230,1060,3042,2288,2000,1850,3560,2864,2246,1891,3407,850,2990,1642,1249,854,230,1065,3042,2287,2000,1850,236.00,236.00,100.90,300.00,80.00,210.00,170.00,236.92,236.92,100.94,300.00,80.35,210.00,169.93
3.1057355403900146,random_1_S6,85.34,233.53,13.54,274.31,104.94,169.10,41.57,3559,2864,2247,1891,3407,849,2983,1641,1249,853,230,754,3042,2288,2000,1850,3560,2864,2246,1891,3407,850,2990,1642,1249,854,230,1047,3042,2286,2000,1850,236.00,236.00,100.90,300.00,58.45,210.00,170.00,236.92,236.92,100.94,300.00,79.08,210.00,169.86
3.2408173084259033,random_1_S6,85.25,233.44,13.54,274.31,104.94,169.10,41.57,3559,2864,2247,1891,3407,849,2983,1641,1249,853,230,754,3042,2288,2000,1850,3559,2864,2248,1891,3408,850,2979,1642,1249,854,230,998,3042,2286,2000,1851,236.00,236.00,100.90,300.00,58.45,210.00,170.00,235.48,235.48,100.94,300.00,75.63,210.00,169.86
3.3758418560028076,random_1_S6,85.43,233.53,13.45,274.31,104.85,169.10,41.57,3559,2864,2247,1891,3407,849,2983,1641,1249,853,230,754,3042,2288,2000,1850,3560,2864,2248,1890,3407,850,2978,1642,1249,854,230,938,3042,2286,2000,1850,236.00,236.00,100.90,300.00,58.45,210.00,170.00,235.35,235.35,100.94,300.00,71.41,210.00,169.86
3.5108206272125244,random_1_S6,85.25,233.53,13.54,274.22,104.77,170.07,41.84,3559,2864,2247,1891,3407,849,2983,1641,1249,853,230,754,3042,2288,2000,1850,3560,2864,2248,1891,3407,850,2978,1642,1249,854,230,877,3042,2286,2000,1850,236.00,236.00,100.90,300.00,58.45,210.00,170.00,235.35,235.35,100.94,300.00,67.11,210.00,169.86
3.64579701423645,random_1_S6,85.25,233.53,13.45,274.31,104.50,172.00,42.54,3559,2864,2247,1891,3407,849,2983,1641,1249,853,230,754,3042,2288,2000,1850,3560,2865,2249,1890,3407,849,2979,1642,1249,854,230,827,3042,2286,2000,1850,236.00,236.00,100.90,300.00,58.45,210.00,170.00,235.48,235.48,100.94,300.00,63.59,210.00,169.86
3.7807953357696533,random_1_S6,85.34,233.53,13.45,274.22,104.50,172.35,45.79,3559,2864,2247,1891,3407,849,2983,1641,1249,853,230,754,3042,2288,2000,1850,3560,2865,2249,1890,3407,849,2979,1642,1249,855,230,768,3042,2286,2000,1851,236.00,236.00,100.90,300.00,58.45,210.00,170.00,235.48,235.48,100.94,300.00,59.44,210.00,169.86
3.915677785873413,random_1_S6,85.25,233.44,13.18,274.31,104.50,172.35,47.29,3559,2864,2247,1891,3407,849,2983,1641,1249,853,230,754,3042,2288,2000,1850,3560,2865,2249,1890,3407,849,2979,1642,1249,855,230,760,3042,2286,2000,1850,236.00,236.00,100.90,300.00,58.45,210.00,170.00,235.48,235.48,100.94,300.00,58.87,210.00,169.86
4.051055669784546,random_1_S6,85.25,233.53,13.27,274.31,104.50,172.35,47.20,3559,2864,2247,1891,3407,849,2983,1641,1249,853,230,754,3042,2288,2000,1850,3560,2865,2249,1890,3408,849,2981,1642,1249,855,230,760,3042,2286,2000,1850,236.00,236.00,100.90,300.00,58.45,210.00,170.00,235.74,235.74,100.94,300.00,58.87,210.00,169.86
4.186061859130859,random_1_S6,85.25,233.53,13.36,274.31,104.50,172.27,47.29,3559,2864,2247,1891,3407,849,2983,1641,1249,853,230,754,3042,2288,2000,1850,3560,2865,2249,1890,3407,849,2981,1642,1249,855,230,760,3042,2286,2000,1850,236.00,236.00,100.90,300.00,58.45,210.00,170.00,235.74,235.74,100.94,300.00,58.87,210.00,169.86
4.32077956199646,random_1_S6,85.25,233.53,13.36,274.31,104.50,172.35,47.11,3559,2864,2247,1891,3407,849,2983,1641,1249,853,230,754,3042,2288,2000,1850,3560,2865,2249,1890,3407,849,2981,1642,1249,855,230,760,3042,2287,2000,1851,236.00,236.00,100.90,300.00,58.45,210.00,170.00,235.74,235.74,100.94,300.00,58.87,210.00,169.93
4.455962896347046,random_1_S6,85.25,233.44,13.27,274.31,104.41,172.35,47.11,3559,2864,2247,1891,3407,849,2983,1641,1249,853,230,754,3042,2288,2000,1850,3560,2865,2249,1890,3407,849,2981,1642,1249,855,230,760,3042,2287,2000,1851,236.00,236.00,100.90,300.00,58.45,210.00,170.00,235.74,235.74,100.94,300.00,58.87,210.00,169.93
4.590844631195068,random_1_S6,85.34,233.53,13.36,274.31,104.41,172.35,47.20,3559,2864,2247,1891,3407,849,2983,1641,1249,853,230,754,3042,2288,2000,1850,3560,2865,2249,1890,3408,849,2981,1642,1249,854,230,760,3042,2287,2000,1851,236.00,236.00,100.90,300.00,58.45,210.00,170.00,235.74,235.74,100.94,300.00,58.87,210.00,169.93
4.725912094116211,random_1_S6,85.34,233.53,13.27,274.31,104.50,172.35,47.02,3559,2864,2247,1891,3407,849,2983,1641,1249,853,230,754,3042,2288,2000,1850,3560,2865,2249,1890,3408,849,2981,1642,1249,854,230,760,3042,2287,2000,1850,236.00,236.00,100.90,300.00,58.45,210.00,170.00,235.74,235.74,100.94,300.00,58.87,210.00,169.93
4.8607189655303955,random_1_S6,85.25,233.53,13.27,274.22,104.50,172.35,47.02,3559,2864,2247,1891,3407,849,2983,1641,1249,853,230,754,3042,2288,2000,1850,3560,2865,2249,1890,3408,849,2981,1642,1249,854,230,760,3042,2287,2000,1850,236.00,236.00,100.90,300.00,58.45,210.00,170.00,235.74,235.74,100.94,300.00,58.87,210.00,169.93
4.995743989944458,random_1_S6,85.25,233.53,13.36,274.31,104.50,172.35,47.02,3559,2864,2247,1891,3407,849,2983,1641,1249,853,230,754,3042,2288,2000,1850,3560,2865,2249,1890,3407,849,2981,1642,1249,854,230,760,3042,2287,2000,1850,236.00,236.00,100.90,300.00,58.45,210.00,170.00,235.74,235.74,100.94,300.00,58.87,210.00,169.93
5.130973815917969,random_1_S6,85.34,233.44,13.27,274.31,104.50,172.35,47.02,3559,2864,2247,1891,3407,849,2983,1641,1249,853,230,754,3042,2288,2000,1850,3560,2865,2249,1890,3407,849,2981,1642,1249,854,230,757,3042,2287,2000,1850,236.00,236.00,100.90,300.00,58.45,210.00,170.00,235.74,235.74,100.94,300.00,58.66,210.00,169.93
5.265724420547485,random_1_S6,85.34,233.53,13.36,274.31,104.50,172.35,47.02,3559,2864,2247,1891,3407,849,2983,1641,1249,853,230,754,3042,2288,2000,1850,3560,2865,2247,1890,3407,849,2981,1642,1249,854,230,757,3042,2287,2000,1850,236.00,236.00,100.90,300.00,58.45,210.00,170.00,235.74,235.74,100.94,300.00,58.66,210.00,169.93
5.400839805603027,random_1_S6,85.25,233.53,13.36,274.22,104.50,172.35,47.02,3559,2864,2247,1891,3407,849,2983,1641,1249,853,230,754,3042,2288,2000,1850,3560,2865,2247,1890,3407,849,2981,1642,1249,854,230,757,3042,2287,2000,1850,236.00,236.00,100.90,300.00,58.45,210.00,170.00,235.74,235.74,100.94,300.00,58.66,210.00,169.93
5.536082029342651,random_1_S6,85.25,233.44,13.27,274.22,104.50,172.35,47.02,3559,2864,2247,1891,3407,849,2983,1641,1249,853,230,754,3042,2288,2000,1850,3560,2865,2247,1890,3407,849,2981,1642,1249,854,230,757,3042,2287,2000,1850,236.00,236.00,100.90,300.00,58.45,210.00,170.00,235.74,235.74,100.94,300.00,58.66,210.00,169.93
5.670879602432251,random_1_S6,85.25,233.53,13.27,274.31,104.50,172.35,46.93,3559,2864,2247,1891,3407,849,2983,1641,1249,853,230,754,3042,2288,2000,1850,3560,2865,2247,1890,3407,849,2982,1642,1249,854,230,757,3042,2287,2000,1850,236.00,236.00,100.90,300.00,58.45,210.00,170.00,235.87,235.87,100.94,300.00,58.66,210.00,169.93
5.805841445922852,random_1_S6,85.34,233.53,13.36,274.22,104.50,172.35,46.93,3559,2864,2247,1891,3407,849,2983,1641,1249,853,230,754,3042,2288,2000,1850,3560,2865,2247,1890,3407,849,2990,1642,1249,854,230,757,3042,2287,2000,1850,236.00,236.00,100.90,300.00,58.45,210.00,170.00,236.92,236.92,100.94,300.00,58.66,210.00,169.93
5.940978288650513,random_1_S6,85.34,233.44,13.36,274.31,104.50,172.35,46.93,3559,2864,2247,1891,3407,849,2983,1641,1249,853,230,754,3042,2288,2000,1850,3560,2865,2247,1891,3407,849,2990,1642,1249,854,230,757,3042,2287,2000,1850,236.00,236.00,100.90,300.00,58.45,210.00,170.00,236.92,236.92,100.94,300.00,58.66,210.00,169.93
6.075669050216675,random_1_S6,85.25,233.53,13.36,274.31,104.41,172.35,46.93,3559,2864,2247,1891,3407,849,2983,1641,1249,853,230,754,3042,2288,2000,1850,3560,2865,2247,1891,3407,849,2990,1642,1249,854,230,757,3042,2287,2000,1850,236.00,236.00,100.90,300.00,58.45,210.00,170.00,236.92,236.92,100.94,300.00,58.66,210.00,169.93
6.210681915283203,random_1_S6,85.25,233.44,13.36,274.22,104.50,172.35,46.93,3559,2864,2247,1891,3407,849,2983,1641,1249,853,230,754,3042,2288,2000,1850,3560,2865,2247,1891,3407,849,2990,1642,1249,854,230,757,3042,2287,2000,1850,236.00,236.00,100.90,300.00,58.45,210.00,170.00,236.92,236.92,100.94,300.00,58.66,210.00,169.93
6.345672845840454,random_1_S6,85.25,233.44,13.36,274.31,104.50,172.35,46.93,3559,2864,2247,1891,3407,849,2983,1641,1249,853,230,754,3042,2288,2000,1850,3560,2865,2247,1891,3408,849,2989,1642,1249,854,230,752,3042,2287,2000,1850,236.00,236.00,100.90,300.00,58.45,210.00,170.00,236.79,236.79,100.94,300.00,58.31,210.00,169.93
6.480676889419556,random_1_S6,85.34,233.44,13.18,274.31,104.50,172.35,46.85,3559,2864,2247,1891,3407,849,2983,1641,1249,853,230,754,3042,2288,2000,1850,3560,2864,2247,1891,3407,849,2989,1642,1249,854,230,752,3042,2287,2000,1850,236.00,236.00,100.90,300.00,58.45,210.00,170.00,236.79,236.79,100.94,300.00,58.31,210.00,169.93
6.616069555282593,random_1_S6,85.25,233.44,13.27,274.31,104.41,172.35,46.85,3559,2864,2247,1891,3407,849,2983,1641,1249,853,230,754,3042,2288,2000,1850,3560,2864,2247,1891,3407,849,2989,1642,1249,854,230,752,3042,2287,2000,1850,236.00,236.00,100.90,300.00,58.45,210.00,170.00,236.79,236.79,100.94,300.00,58.31,210.00,169.93
6.7510035037994385,random_1_S6,85.25,233.44,13.18,274.31,104.50,172.35,46.85,3559,2864,2247,1891,3407,849,2983,1641,1249,853,230,754,3042,2288,2000,1850,3560,2864,2247,1891,3407,849,2989,1642,1249,854,230,752,3042,2287,2000,1850,236.00,236.00,100.90,300.00,58.45,210.00,170.00,236.79,236.79,100.94,300.00,58.31,210.00,169.93
6.886040925979614,random_1_S6,85.25,233.44,13.18,274.31,104.50,172.35,46.85,3559,2864,2247,1891,3407,849,2983,1641,1249,853,230,754,3042,2288,2000,1850,3560,2864,2247,1891,3407,851,2989,1642,1249,854,230,752,3042,2287,2000,1850,236.00,236.00,100.90,300.00,58.45,210.00,170.00,236.79,236.79,100.94,300.00,58.31,210.00,169.93
7.020992755889893,random_1_S6,85.34,233.44,13.27,274.31,104.41,172.35,46.85,3559,2864,2247,1891,3407,849,2983,1641,1249,853,230,754,3042,2288,2000,1850,3560,2864,2247,1891,3407,851,2989,1642,1249,854,230,752,3042,2287,2000,1850,236.00,236.00,100.90,300.00,58.45,210.00,170.00,236.79,236.79,100.94,300.00,58.31,210.00,169.93
7.155904293060303,random_1_S6,85.25,233.44,13.18,274.31,104.50,172.35,46.93,3559,2864,2247,1891,3407,849,2983,1641,1249,853,230,754,3042,2288,2000,1850,3560,2864,2247,1891,3407,851,2989,1642,1249,854,230,752,3042,2287,2000,1850,236.00,236.00,100.90,300.00,58.45,210.00,170.00,236.79,236.79,100.94,300.00,58.31,210.00,169.93
7.29080867767334,random_1_S6,85.25,233.44,13.36,274.31,104.50,172.35,46.85,3559,2864,2247,1891,3407,849,2983,1641,1249,853,230,754,3042,2288,2000,1850,3560,2864,2247,1891,3407,851,2989,1642,1249,854,230,752,3042,2287,2000,1850,236.00,236.00,100.90,300.00,58.45,210.00,170.00,236.79,236.79,100.94,300.00,58.31,210.00,169.93
7.425663232803345,random_1_S6,85.25,233.44,13.27,274.22,104.50,172.44,46.85,3559,2864,2247,1891,3407,849,2983,1641,1249,853,230,754,3042,2288,2000,1850,3560,2864,2247,1891,3407,851,2988,1642,1249,854,230,752,3042,2287,2000,1850,236.00,236.00,100.90,300.00,58.45,210.00,170.00,236.65,236.65,100.94,300.00,58.31,210.00,169.93
7.560672044754028,random_1_S6,85.25,233.44,13.27,274.31,104.41,172.35,46.85,3559,2864,2247,1891,3407,849,2983,1641,1249,853,230,754,3042,2288,2000,1850,3560,2864,2247,1891,3407,851,2978,1642,1249,854,230,752,3042,2287,2000,1850,236.00,236.00,100.90,300.00,58.45,210.00,170.00,235.35,235.35,100.94,300.00,58.31,210.00,169.93
7.6961352825164795,random_1_S6,85.34,233.44,13.18,274.31,104.41,172.35,46.85,3559,2864,2247,1891,3407,849,2983,1641,1249,853,230,754,3042,2288,2000,1850,3560,2864,2247,1891,3408,851,2978,1642,1249,854,230,752,3042,2287,2000,1850,236.00,236.00,100.90,300.00,58.45,210.00,170.00,235.35,235.35,100.94,300.00,58.31,210.00,169.93
7.8311285972595215,random_1_S6,85.17,233.44,13.36,274.31,104.41,172.35,46.76,3559,2864,2247,1891,3407,849,2983,1641,1249,853,230,754,3042,2288,2000,1850,3560,2864,2247,1891,3407,851,2978,1642,1249,854,230,752,3042,2287,2000,1850,236.00,236.00,100.90,300.00,58.45,210.00,170.00,235.35,235.35,100.94,300.00,58.31,210.00,169.93
7.965719223022461,random_1_S6,85.25,233.44,13.27,274.31,104.50,172.35,46.76,3559,2864,2247,1891,3407,849,2983,1641,1249,853,230,754,3042,2288,2000,1850,3560,2864,2247,1891,3407,851,2978,1642,1249,854,230,752,3042,2287,2000,1850,236.00,236.00,100.90,300.00,58.45,210.00,170.00,235.35,235.35,100.94,300.00,58.31,210.00,169.93
8.100823879241943,random_1_S6,85.25,233.53,13.27,274.31,104.50,172.35,46.76,3559,2864,2247,1891,3407,849,2983,1641,1249,853,230,754,3042,2288,2000,1850,3560,2864,2247,1891,3407,851,2980,1642,1249,854,230,752,3042,2288,2000,1850,236.00,236.00,100.90,300.00,58.45,210.00,170.00,235.61,235.61,100.94,300.00,58.31,210.00,170.00
8.236165761947632,random_1_S6,85.25,233.44,13.27,274.31,104.41,172.35,46.76,3559,2864,2247,1891,3407,849,2983,1641,1249,853,230,754,3042,2288,2000,1850,3560,2864,2247,1891,3408,851,2981,1642,1249,854,230,752,3042,2288,2000,1850,236.00,236.00,100.90,300.00,58.45,210.00,170.00,235.74,235.74,100.94,300.00,58.31,210.00,170.00
8.370832681655884,random_1_S6,85.25,233.44,13.18,274.31,104.50,172.35,46.76,3559,2864,2247,1891,3407,849,2983,1641,1249,853,230,754,3042,2288,2000,1850,3560,2864,2247,1891,3407,850,2980,1642,1249,854,230,752,3042,2289,2000,1850,236.00,236.00,100.90,300.00,58.45,210.00,170.00,235.61,235.61,100.94,300.00,58.31,210.00,170.07
8.50594162940979,random_1_S6,85.25,233.44,13.18,274.31,104.41,172.35,46.76,3559,2864,2247,1891,3407,849,2983,1641,1249,853,230,754,3042,2288,2000,1850,3560,2864,2247,1891,3407,850,2980,1642,1249,854,230,752,3042,2289,2000,1850,236.00,236.00,100.90,300.00,58.45,210.00,170.00,235.61,235.61,100.94,300.00,58.31,210.00,170.07
8.640781879425049,random_1_S6,85.34,233.44,13.27,274.31,104.50,172.35,46.76,3559,2864,2247,1891,3407,849,2983,1641,1249,853,230,754,3042,2288,2000,1850,3560,2864,2247,1891,3407,850,2980,1642,1249,854,230,752,3042,2290,2000,1850,236.00,236.00,100.90,300.00,58.45,210.00,170.00,235.61,235.61,100.94,300.00,58.31,210.00,170.14
8.77568793296814,random_1_S6,85.17,233.44,13.27,274.31,104.50,172.35,46.76,3559,2864,2247,1891,3407,849,2983,1641,1249,853,230,754,3042,2288,2000,1850,3560,2864,2247,1891,3407,850,2980,1642,1249,854,230,752,3042,2290,2000,1850,236.00,236.00,100.90,300.00,58.45,210.00,170.00,235.61,235.61,100.94,300.00,58.31,210.00,170.14
8.911072731018066,random_1_S6,85.34,233.44,13.36,274.31,104.41,172.35,46.76,3559,2864,2247,1891,3407,849,2983,1641,1249,853,230,754,3042,2288,2000,1850,3560,2864,2247,1891,3407,850,2981,1642,1249,854,230,752,3042,2289,2000,1850,236.00,236.00,100.90,300.00,58.45,210.00,170.00,235.74,235.74,100.94,300.00,58.31,210.00,170.07
9.04603886604309,random_1_S6,85.34,233.44,13.18,274.31,104.41,172.35,46.76,3559,2864,2247,1891,3407,849,2983,1641,1249,853,230,754,3042,2288,2000,1850,3560,2864,2247,1891,3407,850,2980,1642,1249,854,230,752,3042,2289,2000,1850,236.00,236.00,100.90,300.00,58.45,210.00,170.00,235.61,235.61,100.94,300.00,58.31,210.00,170.07
9.18074893951416,random_1_S6,85.25,233.44,13.27,274.22,104.50,172.35,46.67,3559,2864,2247,1891,3407,849,2983,1641,1249,853,230,754,3042,2288,2000,1850,3560,2864,2247,1891,3407,850,2980,1642,1249,854,230,752,3042,2290,2000,1850,236.00,236.00,100.90,300.00,58.45,210.00,170.00,235.61,235.61,100.94,300.00,58.31,210.00,170.14
9.315877676010132,random_1_S6,85.25,233.44,13.27,274.31,104.50,172.35,46.76,3559,2864,2247,1891,3407,849,2983,1641,1249,853,230,754,3042,2288,2000,1850,3560,2864,2247,1891,3407,850,2983,1642,1249,854,230,752,3042,2290,2000,1850,236.00,236.00,100.90,300.00,58.45,210.00,170.00,236.00,236.00,100.94,300.00,58.31,210.00,170.14
9.450823545455933,random_1_S6,85.25,233.44,13.27,274.31,104.50,172.35,46.76,3559,2864,2247,1891,3407,849,2983,1641,1249,853,230,754,3042,2288,2000,1850,3560,2864,2247,1891,3407,850,2988,1642,1249,854,230,752,3042,2290,2000,1850,236.00,236.00,100.90,300.00,58.45,210.00,170.00,236.65,236.65,100.94,300.00,58.31,210.00,170.14
9.586166858673096,random_1_S6,85.25,233.44,13.18,274.31,104.50,172.35,46.67,3559,2864,2247,1891,3407,849,2983,1641,1249,853,230,754,3042,2288,2000,1850,3560,2864,2247,1891,3407,850,2988,1642,1249,854,230,752,3042,2290,2000,1850,236.00,236.00,100.90,300.00,58.45,210.00,170.00,236.65,236.65,100.94,300.00,58.31,210.00,170.14
9.720789194107056,random_1_S6,85.25,233.44,13.27,274.31,104.50,172.35,46.76,3559,2864,2247,1891,3407,849,2983,1641,1249,853,230,754,3042,2288,2000,1850,3560,2864,2247,1891,3407,850,2988,1642,1249,854,230,752,3042,2290,2000,1850,236.00,236.00,100.90,300.00,58.45,210.00,170.00,236.65,236.65,100.94,300.00,58.31,210.00,170.14
9.85558819770813,random_1_S6,85.25,233.44,13.27,274.31,104.50,172.35,46.76,3559,2864,2247,1891,3407,849,2983,1641,1249,853,230,754,3042,2288,2000,1850,3560,2864,2247,1891,3407,850,2988,1642,1249,854,230,752,3042,2290,2000,1850,236.00,236.00,100.90,300.00,58.45,210.00,170.00,236.65,236.65,100.94,300.00,58.31,210.00,170.14
9.990799188613892,random_1_S6,85.25,233.44,13.27,274.31,104.50,172.35,46.76,3559,2864,2247,1891,3407,849,2983,1641,1249,853,230,754,3042,2288,2000,1850,3560,2864,2247,1891,3407,850,2987,1642,1249,854,230,752,3042,2290,2000,1850,236.00,236.00,100.90,300.00,58.45,210.00,170.00,236.52,236.52,100.94,300.00,58.31,210.00,170.14
10.125658512115479,random_1_S6,85.34,233.44,13.27,274.31,104.50,172.44,46.76,3559,2864,2247,1891,3407,849,2983,1641,1249,853,230,754,3042,2288,2000,1850,3560,2864,2247,1891,3407,850,2987,1642,1249,854,230,752,3042,2289,2000,1850,236.00,236.00,100.90,300.00,58.45,210.00,170.00,236.52,236.52,100.94,300.00,58.31,210.00,170.07
10.260713577270508,random_1_S6,85.34,233.44,13.27,274.31,104.50,172.35,46.67,3559,2864,2247,1891,3407,849,2983,1641,1249,853,230,754,3042,2288,2000,1850,3560,2864,2247,1891,3407,850,2988,1642,1249,854,230,752,3042,2289,2000,1850,236.00,236.00,100.90,300.00,58.45,210.00,170.00,236.65,236.65,100.94,300.00,58.31,210.00,170.07
10.396007061004639,random_1_S6,85.25,233.44,13.27,274.31,104.50,172.35,46.67,3559,2864,2247,1891,3407,849,2983,1641,1249,853,230,754,3042,2288,2000,1850,3560,2864,2247,1891,3407,850,2987,1642,1249,854,230,752,3042,2289,2000,1850,236.00,236.00,100.90,300.00,58.45,210.00,170.00,236.52,236.52,100.94,300.00,58.31,210.00,170.07
10.531028509140015,random_1_S6,85.25,233.44,13.18,274.31,104.50,172.35,46.67,3559,2864,2247,1891,3407,849,2983,1641,1249,853,230,754,3042,2288,2000,1850,3560,2864,2247,1891,3407,850,2987,1642,1249,854,230,752,3042,2289,2000,1850,236.00,236.00,100.90,300.00,58.45,210.00,170.00,236.52,236.52,100.94,300.00,58.31,210.00,170.07
10.666091680526733,random_1_S6,85.25,233.44,13.18,274.31,104.50,172.35,46.67,3559,2864,2247,1891,3407,849,2983,1641,1249,853,230,754,3042,2288,2000,1850,3560,2864,2247,1891,3407,850,2987,1642,1249,854,230,752,3042,2289,2000,1850,236.00,236.00,100.90,300.00,58.45,210.00,170.00,236.52,236.52,100.94,300.00,58.31,210.00,170.07
10.800988674163818,random_1_S6,85.25,233.44,13.27,274.22,104.41,172.35,46.67,3559,2864,2247,1891,3407,849,2983,1641,1249,853,230,754,3042,2288,2000,1850,3560,2864,2247,1891,3407,850,2987,1642,1249,854,230,752,3042,2288,2000,1850,236.00,236.00,100.90,300.00,58.45,210.00,170.00,236.52,236.52,100.94,300.00,58.31,210.00,170.00
10.936052560806274,random_1_S6,85.25,233.44,13.27,274.22,104.50,172.35,46.58,3559,2864,2247,1891,3407,849,2983,1641,1249,853,230,754,3042,2288,2000,1850,3560,2864,2247,1891,3407,850,2987,1642,1249,854,230,752,3042,2289,2000,1850,236.00,236.00,100.90,300.00,58.45,210.00,170.00,236.52,236.52,100.94,300.00,58.31,210.00,170.07
11.070993423461914,random_1_S6,85.25,233.44,13.36,274.22,104.41,172.35,46.67,3559,2864,2247,1891,3407,849,2983,1641,1249,853,230,754,3042,2288,2000,1850,3560,2864,2247,1891,3407,850,2987,1642,1249,854,230,752,3042,2289,2000,1850,236.00,236.00,100.90,300.00,58.45,210.00,170.00,236.52,236.52,100.94,300.00,58.31,210.00,170.07
11.205788373947144,random_1_S6,85.25,233.44,13.18,274.31,104.50,172.35,46.58,3559,2864,2247,1891,3407,849,2983,1641,1249,853,230,754,3042,2288,2000,1850,3560,2864,2247,1891,3407,850,2987,1642,1249,854,230,752,3042,2289,2000,1850,236.00,236.00,100.90,300.00,58.45,210.00,170.00,236.52,236.52,100.94,300.00,58.31,210.00,170.07
11.340677261352539,random_1_S6,85.17,233.44,13.27,274.22,104.50,172.35,46.58,3559,2864,2247,1891,3407,849,2983,1641,1249,853,230,754,3042,2288,2000,1850,3560,2864,2247,1891,3407,850,2987,1642,1249,854,230,752,3042,2288,2000,1850,236.00,236.00,100.90,300.00,58.45,210.00,170.00,236.52,236.52,100.94,300.00,58.31,210.00,170.00
11.475731372833252,random_1_S6,85.25,233.44,13.27,274.31,104.50,172.35,46.58,3559,2864,2247,1891,3407,849,2983,1641,1249,853,230,754,3042,2288,2000,1850,3560,2864,2247,1891,3407,850,2987,1642,1249,854,230,752,3042,2288,2000,1850,236.00,236.00,100.90,300.00,58.45,210.00,170.00,236.52,236.52,100.94,300.00,58.31,210.00,170.00
11.611023187637329,random_1_S6,85.34,233.44,13.27,274.31,104.50,172.35,46.58,3559,2864,2247,1891,3407,849,2983,1641,1249,853,230,754,3042,2288,2000,1850,3560,2864,2247,1891,3407,850,2987,1642,1249,854,230,752,3042,2288,2000,1850,236.00,236.00,100.90,300.00,58.45,210.00,170.00,236.52,236.52,100.94,300.00,58.31,210.00,170.00
11.745669841766357,random_1_S6,85.25,233.44,13.18,274.31,104.41,172.35,46.67,3559,2864,2247,1891,3407,849,2983,1641,1249,853,230,754,3042,2288,2000,1850,3560,2864,2247,1891,3407,850,2987,1642,1249,854,230,752,3042,2288,2000,1850,236.00,236.00,100.90,300.00,58.45,210.00,170.00,236.52,236.52,100.94,300.00,58.31,210.00,170.00
11.881011247634888,random_1_S6,85.17,233.44,13.18,274.31,104.50,172.35,46.67,3559,2864,2247,1891,3407,849,2983,1641,1249,853,230,754,3042,2288,2000,1850,3560,2864,2247,1891,3407,850,2978,1642,1249,854,230,752,3042,2288,2000,1850,236.00,236.00,100.90,300.00,58.45,210.00,170.00,235.35,235.35,100.94,300.00,58.31,210.00,170.00
12.016048908233643,random_1_S6,85.25,233.44,13.18,274.31,104.50,172.35,46.58,3559,2864,2247,1891,3407,849,2983,1641,1249,853,230,754,3042,2288,2000,1850,3560,2864,2247,1891,3407,850,2978,1642,1249,854,230,751,3042,2288,2000,1850,236.00,236.00,100.90,300.00,58.45,210.00,170.00,235.35,235.35,100.94,300.00,58.24,210.00,170.00
12.151023864746094,random_1_S6,85.25,233.44,13.27,274.31,104.41,172.35,46.58,3559,2864,2247,1891,3407,849,2983,1641,1249,853,230,754,3042,2288,2000,1850,3560,2864,2247,1891,3407,850,2978,1642,1249,854,230,752,3042,2288,2000,1850,236.00,236.00,100.90,300.00,58.45,210.00,170.00,235.35,235.35,100.94,300.00,58.31,210.00,170.00
12.28604006767273,random_1_S6,85.25,233.44,13.27,274.31,104.50,172.35,46.58,3559,2864,2247,1891,3407,849,2983,1641,1249,853,230,754,3042,2288,2000,1850,3560,2864,2247,1891,3407,850,2978,1642,1249,854,230,752,3042,2288,2000,1850,236.00,236.00,100.90,300.00,58.45,210.00,170.00,235.35,235.35,100.94,300.00,58.31,210.00,170.00
12.420822858810425,random_1_S6,85.25,233.44,13.18,274.31,104.50,172.35,46.67,3559,2864,2247,1891,3407,849,2983,1641,1249,853,230,754,3042,2288,2000,1850,3560,2864,2247,1891,3407,850,2978,1642,1249,854,230,752,3042,2288,2000,1850,236.00,236.00,100.90,300.00,58.45,210.00,170.00,235.35,235.35,100.94,300.00,58.31,210.00,170.00
12.555908918380737,random_1_S6,85.25,233.44,13.18,274.22,104.50,172.35,46.58,3559,2864,2247,1891,3407,849,2983,1641,1249,853,230,754,3042,2288,2000,1850,3560,2864,2247,1891,3407,850,2980,1642,1249,854,230,752,3042,2288,2000,1850,236.00,236.00,100.90,300.00,58.45,210.00,170.00,235.61,235.61,100.94,300.00,58.31,210.00,170.00
12.690800189971924,random_1_S6,85.25,233.44,13.18,274.22,104.41,172.35,46.49,3559,2864,2247,1891,3407,849,2983,1641,1249,853,230,754,3042,2288,2000,1850,3560,2864,2247,1891,3407,850,2980,1642,1249,854,230,752,3042,2288,2000,1850,236.00,236.00,100.90,300.00,58.45,210.00,170.00,235.61,235.61,100.94,300.00,58.31,210.00,170.00
12.82568621635437,random_1_S6,85.25,233.44,13.27,274.31,104.50,172.35,46.49,3559,2864,2247,1891,3407,849,2983,1641,1249,853,230,754,3042,2288,2000,1850,3560,2864,2247,1891,3407,850,2980,1642,1249,854,230,751,3042,2288,2000,1850,236.00,236.00,100.90,300.00,58.45,210.00,170.00,235.61,235.61,100.94,300.00,58.24,210.00,170.00
12.960782289505005,random_1_S6,85.25,233.44,13.18,274.31,104.50,172.35,46.49,3559,2864,2247,1891,3407,849,2983,1641,1249,853,230,754,3042,2288,2000,1850,3560,2864,2247,1891,3407,850,2980,1642,1249,854,230,752,3042,2288,2000,1850,236.00,236.00,100.90,300.00,58.45,210.00,170.00,235.61,235.61,100.94,300.00,58.31,210.00,170.00
13.095863580703735,random_1_S6,85.25,233.44,13.36,274.31,104.50,172.35,46.58,3559,2864,2247,1891,3407,849,2983,1641,1249,853,230,754,3042,2288,2000,1850,3560,2864,2247,1891,3407,850,2980,1642,1249,854,230,752,3042,2288,2000,1850,236.00,236.00,100.90,300.00,58.45,210.00,170.00,235.61,235.61,100.94,300.00,58.31,210.00,170.00
13.23072862625122,random_1_S6,85.25,233.44,13.27,274.22,104.41,172.35,46.58,3559,2864,2247,1891,3407,849,2983,1641,1249,853,230,754,3042,2288,2000,1850,3560,2864,2247,1891,3407,850,2980,1642,1249,854,230,752,3042,2288,2000,1850,236.00,236.00,100.90,300.00,58.45,210.00,170.00,235.61,235.61,100.94,300.00,58.31,210.00,170.00
13.365829467773438,random_1_S6,85.25,233.44,13.27,274.31,104.41,172.35,46.49,3559,2864,2247,1891,3407,849,2983,1641,1249,853,230,754,3042,2288,2000,1850,3560,2864,2247,1891,3407,850,2980,1642,1249,854,230,752,3042,2288,2000,1850,236.00,236.00,100.90,300.00,58.45,210.00,170.00,235.61,235.61,100.94,300.00,58.31,210.00,170.00
13.501002550125122,random_1_S6,85.17,233.44,13.27,274.22,104.41,172.35,46.49,3559,2864,2247,1891,3407,849,2983,1641,1249,853,230,754,3042,2288,2000,1850,3560,2864,2247,1891,3407,850,2980,1642,1249,854,230,752,3042,2288,2000,1850,236.00,236.00,100.90,300.00,58.45,210.00,170.00,235.61,235.61,100.94,300.00,58.31,210.00,170.00
13.635850429534912,random_1_S6,85.25,233.44,13.18,274.22,104.50,172.35,46.49,3559,2864,2247,1891,3407,849,2983,1641,1249,853,230,754,3042,2288,2000,1850,3560,2864,2247,1891,3407,850,2980,1642,1249,854,230,751,3042,2288,2000,1850,236.00,236.00,100.90,300.00,58.45,210.00,170.00,235.61,235.61,100.94,300.00,58.24,210.00,170.00
13.770846366882324,random_2_S3,85.25,233.44,13.27,274.22,104.50,172.35,46.49,3559,2864,2247,1891,3407,849,2983,1641,877,853,230,754,3042,2288,2000,1850,3560,2864,2247,1891,3407,850,2980,1642,1249,854,230,752,3042,2289,2000,1850,236.00,236.00,100.90,186.76,58.45,210.00,170.00,235.61,235.61,100.94,300.00,58.31,210.00,170.07
13.90576434135437,random_2_S3,85.17,233.44,13.27,274.22,104.50,172.35,46.49,3559,2864,2247,1891,3407,849,2983,1641,877,853,230,754,3042,2288,2000,1850,3560,2864,2247,1891,3407,850,2980,1642,1173,854,230,752,3042,2288,2000,1850,236.00,236.00,100.90,186.76,58.45,210.00,170.00,235.61,235.61,100.94,276.86,58.31,210.00,170.00
14.040765047073364,random_2_S3,85.25,233.44,13.27,274.22,104.50,172.35,46.49,3559,2864,2247,1891,3407,849,2983,1641,877,853,230,754,3042,2288,2000,1850,3560,2864,2247,1891,3407,850,2980,1642,1105,854,230,752,3042,2288,2000,1850,236.00,236.00,100.90,186.76,58.45,210.00,170.00,235.61,235.61,100.94,256.16,58.31,210.00,170.00
14.175841331481934,random_2_S3,85.25,233.44,13.18,274.31,104.50,172.35,46.49,3559,2864,2247,1891,3407,849,2983,1641,877,853,230,754,3042,2288,2000,1850,3560,2864,2247,1891,3407,850,2980,1642,1036,854,230,752,3042,2288,2000,1850,236.00,236.00,100.90,186.76,58.45,210.00,170.00,235.61,235.61,100.94,235.16,58.31,210.00,170.00
14.311135292053223,random_2_S3,85.34,233.44,13.27,272.99,104.50,172.35,46.49,3559,2864,2247,1891,3407,849,2983,1641,877,853,230,754,3042,2288,2000,1850,3560,2864,2247,1891,3406,850,2991,1642,974,854,230,751,3042,2288,2000,1850,236.00,236.00,100.90,186.76,58.45,210.00,170.00,237.05,237.05,100.94,216.29,58.24,210.00,170.00
14.446053743362427,random_2_S3,84.90,233.17,13.18,266.66,104.50,172.35,46.58,3559,2864,2247,1891,3407,849,2983,1641,877,853,230,754,3042,2288,2000,1850,3560,2864,2247,1891,3406,850,2993,1642,921,854,230,751,3042,2288,2000,1850,236.00,236.00,100.90,186.76,58.45,210.00,170.00,237.31,237.31,100.94,200.15,58.24,210.00,170.00
14.580885887145996,random_2_S3,81.56,232.56,14.33,243.28,104.50,172.35,46.58,3559,2864,2247,1891,3407,849,2983,1641,877,853,230,754,3042,2288,2000,1850,3560,2864,2247,1891,3406,850,2993,1642,883,854,230,751,3042,2288,2000,1850,236.00,236.00,100.90,186.76,58.45,210.00,170.00,237.31,237.31,100.94,188.58,58.24,210.00,170.00
14.715832471847534,random_2_S3,81.56,232.38,14.24,239.15,104.50,172.35,46.49,3559,2864,2247,1891,3407,849,2983,1641,877,853,230,754,3042,2288,2000,1850,3560,2864,2247,1892,3406,850,2993,1642,882,854,230,751,3042,2288,2000,1850,236.00,236.00,100.90,186.76,58.45,210.00,170.00,237.31,237.31,100.94,188.28,58.24,210.00,170.00
14.851104021072388,random_2_S3,81.74,232.29,14.15,239.15,104.41,172.35,46.49,3559,2864,2247,1891,3407,849,2983,1641,877,853,230,754,3042,2288,2000,1850,3560,2864,2247,1892,3406,850,2993,1642,882,854,230,751,3042,2288,2000,1850,236.00,236.00,100.90,186.76,58.45,210.00,170.00,237.31,237.31,100.94,188.28,58.24,210.00,170.00
14.985713720321655,random_2_S3,81.74,232.38,14.24,239.15,104.50,172.35,46.58,3559,2864,2247,1891,3407,849,2983,1641,877,853,230,754,3042,2288,2000,1850,3560,2865,2247,1891,3406,850,2993,1642,882,854,230,751,3042,2288,2000,1850,236.00,236.00,100.90,186.76,58.45,210.00,170.00,237.31,237.31,100.94,188.28,58.24,210.00,170.00
15.1208176612854,random_2_S3,81.56,232.29,14.24,239.15,104.50,172.35,46.49,3559,2864,2247,1891,3407,849,2983,1641,877,853,230,754,3042,2288,2000,1850,3560,2864,2247,1891,3406,850,2992,1642,882,854,230,751,3042,2288,2000,1850,236.00,236.00,100.90,186.76,58.45,210.00,170.00,237.18,237.18,100.94,188.28,58.24,210.00,170.00
15.25576901435852,random_2_S3,81.65,232.29,14.15,239.15,104.50,172.35,46.49,3559,2864,2247,1891,3407,849,2983,1641,877,853,230,754,3042,2288,2000,1850,3560,2865,2247,1891,3406,850,2984,1642,882,854,230,751,3042,2288,2000,1850,236.00,236.00,100.90,186.76,58.45,210.00,170.00,236.13,236.13,100.94,188.28,58.24,210.00,170.00
15.390677690505981,random_2_S3,81.65,232.29,14.33,239.15,104.50,172.35,46.58,3559,2864,2247,1891,3407,849,2983,1641,877,853,230,754,3042,2288,2000,1850,3560,2864,2247,1891,3406,850,2982,1642,882,854,230,751,3042,2288,2000,1850,236.00,236.00,100.90,186.76,58.45,210.00,170.00,235.87,235.87,100.94,188.28,58.24,210.00,170.00
15.525763988494873,random_2_S3,81.65,232.29,14.15,239.06,104.41,172.35,46.49,3559,2864,2247,1891,3407,849,2983,1641,877,853,230,754,3042,2288,2000,1850,3560,2864,2247,1891,3406,850,2983,1642,882,854,230,751,3042,2288,2000,1850,236.00,236.00,100.90,186.76,58.45,210.00,170.00,236.00,236.00,100.94,188.28,58.24,210.00,170.00
15.660992860794067,random_2_S3,81.56,232.38,14.24,239.06,104.50,172.35,46.49,3559,2864,2247,1891,3407,849,2983,1641,877,853,230,754,3042,2288,2000,1850,3560,2864,2247,1891,3407,850,2982,1642,881,854,230,751,3042,2288,2000,1850,236.00,236.00,100.90,186.76,58.45,210.00,170.00,235.87,235.87,100.94,187.98,58.24,210.00,170.00
15.796013832092285,random_2_S3,81.65,232.29,14.15,239.15,104.50,172.35,46.49,3559,2864,2247,1891,3407,849,2983,1641,877,853,230,754,3042,2288,2000,1850,3560,2864,2247,1892,3407,850,2983,1642,881,854,230,751,3042,2288,2000,1850,236.00,236.00,100.90,186.76,58.45,210.00,170.00,236.00,236.00,100.94,187.98,58.24,210.00,170.00
15.930649518966675,random_2_S3,81.74,232.29,14.15,239.15,104.41,172.35,46.49,3559,2864,2247,1891,3407,849,2983,1641,877,853,230,754,3042,2288,2000,1850,3560,2865,2247,1892,3407,850,2983,1642,881,854,230,751,3042,2288,2000,1850,236.00,236.00,100.90,186.76,58.45,210.00,170.00,236.00,236.00,100.94,187.98,58.24,210.00,170.00
16.066099882125854,random_2_S3,81.65,232.38,14.15,239.15,104.50,172.35,46.49,3559,2864,2247,1891,3407,849,2983,1641,877,853,230,754,3042,2288,2000,1850,3560,2864,2247,1891,3407,850,2983,1642,881,854,230,751,3042,2288,2000,1850,236.00,236.00,100.90,186.76,58.45,210.00,170.00,236.00,236.00,100.94,187.98,58.24,210.00,170.00
16.2008159160614,random_2_S3,81.65,232.29,14.06,239.15,104.50,172.35,46.49,3559,2864,2247,1891,3407,849,2983,1641,877,853,230,754,3042,2288,2000,1850,3560,2864,2247,1891,3407,850,2983,1642,881,854,230,751,3042,2288,2000,1850,236.00,236.00,100.90,186.76,58.45,210.00,170.00,236.00,236.00,100.94,187.98,58.24,210.00,170.00
16.336036443710327,random_2_S3,81.65,232.29,14.15,239.15,104.41,172.35,46.49,3559,2864,2247,1891,3407,849,2983,1641,877,853,230,754,3042,2288,2000,1850,3560,2864,2247,1892,3407,850,2983,1642,881,854,230,751,3042,2288,2000,1850,236.00,236.00,100.90,186.76,58.45,210.00,170.00,236.00,236.00,100.94,187.98,58.24,210.00,170.00
16.47067952156067,random_2_S3,81.74,232.29,14.06,239.15,104.50,172.35,46.49,3559,2864,2247,1891,3407,849,2983,1641,877,853,230,754,3042,2288,2000,1850,3560,2864,2247,1892,3407,850,2983,1642,881,854,230,751,3042,2288,2000,1850,236.00,236.00,100.90,186.76,58.45,210.00,170.00,236.00,236.00,100.94,187.98,58.24,210.00,170.00
16.605672359466553,random_2_S3,81.65,232.29,14.15,239.15,104.41,172.35,46.49,3559,2864,2247,1891,3407,849,2983,1641,877,853,230,754,3042,2288,2000,1850,3560,2864,2247,1892,3407,850,2983,1642,880,854,230,751,3042,2288,2000,1850,236.00,236.00,100.90,186.76,58.45,210.00,170.00,236.00,236.00,100.94,187.67,58.24,210.00,170.00
16.740665197372437,random_2_S3,81.65,232.29,14.06,239.06,104.41,172.35,46.49,3559,2864,2247,1891,3407,849,2983,1641,877,853,230,754,3042,2288,2000,1850,3560,2865,2247,1891,3407,850,2983,1642,880,854,230,751,3042,2288,2000,1850,236.00,236.00,100.90,186.76,58.45,210.00,170.00,236.00,236.00,100.94,187.67,58.24,210.00,170.00
16.87566041946411,random_2_S3,81.65,232.29,14.15,239.15,104.41,172.35,46.49,3559,2864,2247,1891,3407,849,2983,1641,877,853,230,754,3042,2288,2000,1850,3560,2864,2247,1891,3407,850,2983,1642,880,854,230,751,3042,2288,2000,1850,236.00,236.00,100.90,186.76,58.45,210.00,170.00,236.00,236.00,100.94,187.67,58.24,210.00,170.00
17.010870218276978,random_2_S3,81.65,232.29,14.06,239.06,104.50,172.35,46.49,3559,2864,2247,1891,3407,849,2983,1641,877,853,230,754,3042,2288,2000,1850,3560,2865,2247,1891,3407,850,2983,1642,880,854,230,751,3042,2288,2000,1850,236.00,236.00,100.90,186.76,58.45,210.00,170.00,236.00,236.00,100.94,187.67,58.24,210.00,170.00
17.14599919319153,random_2_S3,81.74,232.29,14.15,239.15,104.50,172.35,46.49,3559,2864,2247,1891,3407,849,2983,1641,877,853,230,754,3042,2288,2000,1850,3560,2865,2247,1891,3407,850,2983,1642,880,854,230,751,3042,2288,2000,1850,236.00,236.00,100.90,186.76,58.45,210.00,170.00,236.00,236.00,100.94,187.67,58.24,210.00,170.00
17.28066062927246,random_2_S3,81.74,232.29,14.06,239.15,104.50,172.35,46.49,3559,2864,2247,1891,3407,849,2983,1641,877,853,230,754,3042,2288,2000,1850,3560,2864,2247,1891,3407,850,2983,1642,880,854,230,752,3042,2288,2000,1850,236.00,236.00,100.90,186.76,58.45,210.00,170.00,236.00,236.00,100.94,187.67,58.31,210.00,170.00
17.41602063179016,random_2_S3,81.74,232.29,14.06,239.15,104.50,172.35,46.49,3559,2864,2247,1891,3407,849,2983,1641,877,853,230,754,3042,2288,2000,1850,3560,2864,2247,1891,3407,850,2983,1642,881,854,230,751,3042,2288,2000,1850,236.00,236.00,100.90,186.76,58.45,210.00,170.00,236.00,236.00,100.94,187.98,58.24,210.00,170.00
17.550880193710327,random_2_S3,81.65,232.29,14.06,239.15,104.41,172.35,46.49,3559,2864,2247,1891,3407,849,2983,1641,877,853,230,754,3042,2288,2000,1850,3560,2864,2247,1891,3407,850,2983,1642,880,854,230,752,3042,2288,2000,1850,236.00,236.00,100.90,186.76,58.45,210.00,170.00,236.00,236.00,100.94,187.67,58.31,210.00,170.00
17.68614411354065,random_2_S3,81.74,232.29,14.06,239.06,104.50,172.35,46.49,3559,2864,2247,1891,3407,849,2983,1641,877,853,230,754,3042,2288,2000,1850,3560,2864,2247,1891,3407,850,2983,1642,880,854,230,751,3042,2288,2000,1850,236.00,236.00,100.90,186.76,58.45,210.00,170.00,236.00,236.00,100.94,187.67,58.24,210.00,170.00
17.820712089538574,random_2_S3,81.65,232.29,13.97,239.15,104.50,172.35,46.49,3559,2864,2247,1891,3407,849,2983,1641,877,853,230,754,3042,2288,2000,1850,3560,2864,2247,1892,3407,850,2983,1642,880,854,230,751,3042,2288,2000,1850,236.00,236.00,100.90,186.76,58.45,210.00,170.00,236.00,236.00,100.94,187.67,58.24,210.00,170.00
17.955806493759155,random_2_S3,81.83,232.29,14.06,239.15,104.41,172.35,46.49,3559,2864,2247,1891,3407,849,2983,1641,877,853,230,754,3042,2288,2000,1850,3560,2864,2247,1892,3407,850,2983,1642,880,854,230,751,3042,2288,2000,1850,236.00,236.00,100.90,186.76,58.45,210.00,170.00,236.00,236.00,100.94,187.67,58.24,210.00,170.00
18.090768575668335,random_2_S3,81.74,232.29,13.97,239.06,104.41,172.44,46.41,3559,2864,2247,1891,3407,849,2983,1641,877,853,230,754,3042,2288,2000,1850,3560,2864,2247,1892,3407,850,2983,1642,880,854,230,751,3042,2288,2000,1850,236.00,236.00,100.90,186.76,58.45,210.00,170.00,236.00,236.00,100.94,187.67,58.24,210.00,170.00
18.22567057609558,random_2_S3,81.74,232.29,14.06,239.15,104.50,172.35,46.49,3559,2864,2247,1891,3407,849,2983,1641,877,853,230,754,3042,2288,2000,1850,3560,2864,2247,1891,3407,850,2983,1642,880,854,230,752,3042,2288,2000,1850,236.00,236.00,100.90,186.76,58.45,210.00,170.00,236.00,236.00,100.94,187.67,58.31,210.00,170.00
18.360998153686523,random_2_S3,81.65,232.29,13.97,239.06,104.50,172.35,46.49,3559,2864,2247,1891,3407,849,2983,1641,877,853,230,754,3042,2288,2000,1850,3560,2865,2247,1892,3407,850,2983,1642,880,854,230,751,3042,2288,2000,1850,236.00,236.00,100.90,186.76,58.45,210.00,170.00,236.00,236.00,100.94,187.67,58.24,210.00,170.00
18.49601125717163,random_2_S3,81.65,232.29,13.97,239.15,104.41,172.35,46.49,3559,2864,2247,1891,3407,849,2983,1641,877,853,230,754,3042,2288,2000,1850,3560,2865,2247,1891,3407,850,2983,1642,880,854,230,752,3042,2288,2000,1850,236.00,236.00,100.90,186.76,58.45,210.00,170.00,236.00,236.00,100.94,187.67,58.31,210.00,170.00
18.631016969680786,random_2_S3,81.65,232.29,14.06,239.15,104.41,172.35,46.41,3559,2864,2247,1891,3407,849,2983,1641,877,853,230,754,3042,2288,2000,1850,3560,2864,2247,1891,3407,850,2983,1642,880,854,230,752,3042,2288,2000,1850,236.00,236.00,100.90,186.76,58.45,210.00,170.00,236.00,236.00,100.94,187.67,58.31,210.00,170.00
18.766018867492676,random_2_S3,81.65,232.29,13.97,239.24,104.50,172.35,46.49,3559,2864,2247,1891,3407,849,2983,1641,877,853,230,754,3042,2288,2000,1850,3560,2864,2247,1891,3407,850,2983,1642,880,854,230,754,3042,2288,2000,1850,236.00,236.00,100.90,186.76,58.45,210.00,170.00,236.00,236.00,100.94,187.67,58.45,210.00,170.00
18.90077805519104,random_2_S3,81.65,232.38,13.89,239.06,104.41,172.35,46.41,3559,2864,2247,1891,3407,849,2983,1641,877,853,230,754,3042,2288,2000,1850,3560,2864,2247,1892,3407,850,2983,1642,880,854,230,754,3042,2288,2000,1850,236.00,236.00,100.90,186.76,58.45,210.00,170.00,236.00,236.00,100.94,187.67,58.45,210.00,170.00
19.036041498184204,random_2_S3,81.83,232.29,14.06,239.15,104.50,172.35,46.49,3559,2864,2247,1891,3407,849,2983,1641,877,853,230,754,3042,2288,2000,1850,3560,2864,2247,1891,3407,850,2983,1642,880,854,230,754,3042,2288,2000,1850,236.00,236.00,100.90,186.76,58.45,210.00,170.00,236.00,236.00,100.94,187.67,58.45,210.00,170.00
19.170729160308838,random_2_S3,81.74,232.29,13.97,239.15,104.41,172.35,46.49,3559,2864,2247,1891,3407,849,2983,1641,877,853,230,754,3042,2288,2000,1850,3560,2865,2247,1891,3407,850,2983,1642,880,854,230,754,3042,2288,2000,1850,236.00,236.00,100.90,186.76,58.45,210.00,170.00,236.00,236.00,100.94,187.67,58.45,210.00,170.00
19.305856704711914,random_2_S3,81.74,232.29,13.97,239.24,104.41,172.35,46.49,3559,2864,2247,1891,3407,849,2983,1641,877,853,230,754,3042,2288,2000,1850,3560,2865,2247,1891,3407,850,2983,1642,878,854,230,754,3042,2288,2000,1850,236.00,236.00,100.90,186.76,58.45,210.00,170.00,236.00,236.00,100.94,187.06,58.45,210.00,170.00
19.440873622894287,random_2_S3,81.74,232.29,14.06,238.97,104.41,172.35,46.41,3559,2864,2247,1891,3407,849,2983,1641,877,853,230,754,3042,2288,2000,1850,3560,2864,2247,1891,3407,850,2983,1642,873,854,230,754,3042,2288,2000,1850,236.00,236.00,100.90,186.76,58.45,210.00,170.00,236.00,236.00,100.94,185.54,58.45,210.00,170.00
19.57568645477295,random_2_S3,81.83,232.38,13.97,238.62,104.41,172.35,46.41,3559,2864,2247,1891,3407,849,2983,1641,877,853,230,754,3042,2288,2000,1850,3560,2865,2247,1891,3407,850,2983,1642,874,854,230,754,3042,2288,2000,1850,236.00,236.00,100.90,186.76,58.45,210.00,170.00,236.00,236.00,100.94,185.84,58.45,210.00,170.00
19.711073875427246,random_2_S3,81.74,232.29,14.06,238.45,104.50,172.35,46.32,3559,2864,2247,1891,3407,849,2983,1641,877,853,230,754,3042,2288,2000,1850,3560,2865,2247,1891,3407,850,2983,1642,873,854,230,754,3042,2288,2000,1850,236.00,236.00,100.90,186.76,58.45,210.00,170.00,236.00,236.00,100.94,185.54,58.45,210.00,170.00
19.846007585525513,random_2_S3,81.74,232.29,13.89,238.45,104.50,172.35,46.49,3559,2864,2247,1891,3407,849,2983,1641,877,853,230,754,3042,2288,2000,1850,3560,2864,2247,1891,3407,850,2983,1642,873,854,230,754,3042,2288,2000,1850,236.00,236.00,100.90,186.76,58.45,210.00,170.00,236.00,236.00,100.94,185.54,58.45,210.00,170.00
19.980994701385498,random_2_S3,81.74,232.29,13.97,238.36,104.41,172.35,46.41,3559,2864,2247,1891,3407,849,2983,1641,877,853,230,754,3042,2288,2000,1850,3560,2864,2247,1891,3407,850,2983,1642,873,854,230,754,3042,2288,2000,1850,236.00,236.00,100.90,186.76,58.45,210.00,170.00,236.00,236.00,100.94,185.54,58.45,210.00,170.00
20.115793228149414,random_2_S3,81.65,232.29,14.06,238.36,104.50,172.35,46.41,3559,2864,2247,1891,3407,849,2983,1641,877,853,230,754,3042,2288,2000,1850,3560,2864,2247,1891,3407,850,2983,1642,873,854,230,754,3042,2288,2000,1850,236.00,236.00,100.90,186.76,58.45,210.00,170.00,236.00,236.00,100.94,185.54,58.45,210.00,170.00
20.25086760520935,random_2_S3,81.74,232.29,14.06,238.27,104.50,172.35,46.41,3559,2864,2247,1891,3407,849,2983,1641,877,853,230,754,3042,2288,2000,1850,3560,2864,2247,1891,3407,850,2983,1642,873,854,230,754,3042,2288,2000,1850,236.00,236.00,100.90,186.76,58.45,210.00,170.00,236.00,236.00,100.94,185.54,58.45,210.00,170.00
20.386046886444092,random_2_S3,81.65,232.29,13.97,238.27,104.41,172.35,46.32,3559,2864,2247,1891,3407,849,2983,1641,877,853,230,754,3042,2288,2000,1850,3560,2864,2247,1891,3407,850,2983,1642,873,854,230,754,3042,2288,2000,1850,236.00,236.00,100.90,186.76,58.45,210.00,170.00,236.00,236.00,100.94,185.54,58.45,210.00,170.00
20.52071762084961,random_2_S3,81.74,232.29,13.97,238.27,104.50,172.35,46.32,3559,2864,2247,1891,3407,849,2983,1641,877,853,230,754,3042,2288,2000,1850,3560,2864,2247,1891,3407,850,2983,1642,873,854,230,754,3042,2288,2000,1850,236.00,236.00,100.90,186.76,58.45,210.00,170.00,236.00,236.00,100.94,185.54,58.45,210.00,170.00
20.6557297706604,random_2_S3,81.74,232.29,14.06,238.27,104.41,172.35,46.41,3559,2864,2247,1891,3407,849,2983,1641,877,853,230,754,3042,2288,2000,1850,3560,2865,2247,1891,3407,850,2983,1642,873,854,230,754,3042,2288,2000,1850,236.00,236.00,100.90,186.76,58.45,210.00,170.00,236.00,236.00,100.94,185.54,58.45,210.00,170.00
20.79085350036621,random_2_S3,81.74,232.29,13.97,238.36,104.41,172.35,46.32,3559,2864,2247,1891,3407,849,2983,1641,877,853,230,754,3042,2288,2000,1850,3560,2864,2247,1891,3407,850,2983,1642,873,854,230,754,3042,2288,2000,1850,236.00,236.00,100.90,186.76,58.45,210.00,170.00,236.00,236.00,100.94,185.54,58.45,210.00,170.00
20.92565941810608,random_2_S3,81.74,232.29,13.97,238.27,104.41,172.35,46.49,3559,2864,2247,1891,3407,849,2983,1641,877,853,230,754,3042,2288,2000,1850,3560,2864,2247,1891,3407,850,2983,1642,873,854,230,754,3042,2288,2000,1850,236.00,236.00,100.90,186.76,58.45,210.00,170.00,236.00,236.00,100.94,185.54,58.45,210.00,170.00
21.060824871063232,random_2_S3,81.74,232.29,13.97,238.27,104.41,172.35,46.41,3559,2864,2247,1891,3407,849,2983,1641,877,853,230,754,3042,2288,2000,1850,3560,2864,2247,1891,3407,850,2983,1642,873,854,230,754,3042,2288,2000,1850,236.00,236.00,100.90,186.76,58.45,210.00,170.00,236.00,236.00,100.94,185.54,58.45,210.00,170.00
21.196052074432373,random_2_S3,81.74,232.29,13.97,238.27,104.41,172.35,46.41,3559,2864,2247,1891,3407,849,2983,1641,877,853,230,754,3042,2288,2000,1850,3560,2864,2247,1891,3407,850,2983,1642,873,854,230,754,3042,2288,2000,1850,236.00,236.00,100.90,186.76,58.45,210.00,170.00,236.00,236.00,100.94,185.54,58.45,210.00,170.00
21.3310387134552,random_2_S3,81.74,232.29,13.97,238.27,104.41,172.35,46.41,3559,2864,2247,1891,3407,849,2983,1641,877,853,230,754,3042,2288,2000,1850,3560,2864,2247,1891,3407,850,2983,1642,873,854,230,754,3042,2288,2000,1850,236.00,236.00,100.90,186.76,58.45,210.00,170.00,236.00,236.00,100.94,185.54,58.45,210.00,170.00
21.466034173965454,random_2_S3,81.74,232.29,13.97,238.36,104.50,172.35,46.32,3559,2864,2247,1891,3407,849,2983,1641,877,853,230,754,3042,2288,2000,1850,3560,2864,2247,1891,3407,850,2983,1642,873,854,230,754,3042,2288,2000,1850,236.00,236.00,100.90,186.76,58.45,210.00,170.00,236.00,236.00,100.94,185.54,58.45,210.00,170.00
21.60064435005188,random_2_S3,81.65,232.29,14.06,238.27,104.41,172.35,46.41,3559,2864,2247,1891,3407,849,2983,1641,877,853,230,754,3042,2288,2000,1850,3560,2864,2247,1891,3407,850,2983,1642,873,854,230,754,3042,2288,2000,1850,236.00,236.00,100.90,186.76,58.45,210.00,170.00,236.00,236.00,100.94,185.54,58.45,210.00,170.00
21.736064195632935,random_2_S3,81.74,232.29,14.06,238.18,104.50,172.35,46.41,3559,2864,2247,1891,3407,849,2983,1641,877,853,230,754,3042,2288,2000,1850,3560,2864,2247,1891,3407,850,2983,1642,873,854,230,754,3042,2288,2000,1850,236.00,236.00,100.90,186.76,58.45,210.00,170.00,236.00,236.00,100.94,185.54,58.45,210.00,170.00
21.870691776275635,random_2_S3,81.83,232.29,14.06,238.18,104.41,172.35,46.32,3559,2864,2247,1891,3407,849,2983,1641,877,853,230,754,3042,2288,2000,1850,3560,2864,2247,1891,3407,850,2983,1642,873,854,230,754,3042,2288,2000,1850,236.00,236.00,100.90,186.76,58.45,210.00,170.00,236.00,236.00,100.94,185.54,58.45,210.00,170.00
22.00568985939026,random_2_S3,81.74,232.29,13.97,238.18,104.41,172.35,46.32,3559,2864,2247,1891,3407,849,2983,1641,877,853,230,754,3042,2288,2000,1850,3560,2864,2247,1891,3407,850,2983,1642,873,854,230,754,3042,2288,2000,1850,236.00,236.00,100.90,186.76,58.45,210.00,170.00,236.00,236.00,100.94,185.54,58.45,210.00,170.00
22.140822649002075,random_2_S3,81.74,232.29,14.06,238.27,104.50,172.35,46.41,3559,2864,2247,1891,3407,849,2983,1641,877,853,230,754,3042,2288,2000,1850,3560,2864,2247,1891,3407,850,2983,1642,873,854,230,754,3042,2288,2000,1850,236.00,236.00,100.90,186.76,58.45,210.00,170.00,236.00,236.00,100.94,185.54,58.45,210.00,170.00
22.275853395462036,random_2_S3,81.74,232.29,13.97,238.27,104.50,172.35,46.41,3559,2864,2247,1891,3407,849,2983,1641,877,853,230,754,3042,2288,2000,1850,3560,2864,2247,1891,3407,850,2983,1642,873,854,230,754,3042,2288,2000,1850,236.00,236.00,100.90,186.76,58.45,210.00,170.00,236.00,236.00,100.94,185.54,58.45,210.00,170.00
22.411216735839844,random_2_S3,81.74,232.29,14.06,238.27,104.41,172.35,46.32,3559,2864,2247,1891,3407,849,2983,1641,877,853,230,754,3042,2288,2000,1850,3560,2865,2247,1891,3407,850,2983,1642,873,854,230,754,3042,2288,2000,1850,236.00,236.00,100.90,186.76,58.45,210.00,170.00,236.00,236.00,100.94,185.54,58.45,210.00,170.00
22.54604959487915,random_2_S3,81.65,232.29,14.06,238.18,104.50,172.35,46.32,3559,2864,2247,1891,3407,849,2983,1641,877,853,230,754,3042,2288,2000,1850,3560,2864,2247,1891,3407,850,2983,1642,873,854,230,754,3042,2288,2000,1850,236.00,236.00,100.90,186.76,58.45,210.00,170.00,236.00,236.00,100.94,185.54,58.45,210.00,170.00
22.68091106414795,random_2_S3,81.74,232.29,14.06,238.27,104.50,172.35,46.32,3559,2864,2247,1891,3407,849,2983,1641,877,853,230,754,3042,2288,2000,1850,3560,2864,2247,1891,3407,850,2983,1642,873,854,230,754,3042,2288,2000,1850,236.00,236.00,100.90,186.76,58.45,210.00,170.00,236.00,236.00,100.94,185.54,58.45,210.00,170.00
22.81582021713257,random_2_S3,81.65,232.29,13.89,238.27,104.50,172.35,46.32,3559,2864,2247,1891,3407,849,2983,1641,877,853,230,754,3042,2288,2000,1850,3560,2865,2247,1891,3407,850,2983,1642,873,854,230,754,3042,2288,2000,1850,236.00,236.00,100.90,186.76,58.45,210.00,170.00,236.00,236.00,100.94,185.54,58.45,210.00,170.00
22.95078468322754,random_2_S3,81.74,232.29,13.97,238.18,104.50,172.35,46.32,3559,2864,2247,1891,3407,849,2983,1641,877,853,230,754,3042,2288,2000,1850,3560,2864,2247,1891,3407,850,2983,1642,873,854,230,754,3042,2288,2000,1850,236.00,236.00,100.90,186.76,58.45,210.00,170.00,236.00,236.00,100.94,185.54,58.45,210.00,170.00
23.086058616638184,random_2_S3,81.74,232.29,14.06,238.18,104.50,172.35,46.41,3559,2864,2247,1891,3407,849,2983,1641,877,853,230,754,3042,2288,2000,1850,3560,2864,2247,1891,3407,850,2983,1642,873,854,230,754,3042,2288,2000,1850,236.00,236.00,100.90,186.76,58.45,210.00,170.00,236.00,236.00,100.94,185.54,58.45,210.00,170.00
23.22083854675293,random_2_S3,81.65,232.29,13.97,238.18,104.41,172.35,46.41,3559,2864,2247,1891,3407,849,2983,1641,877,853,230,754,3042,2288,2000,1850,3560,2864,2247,1891,3407,850,2983,1642,873,854,230,754,3042,2288,2000,1850,236.00,236.00,100.90,186.76,58.45,210.00,170.00,236.00,236.00,100.94,185.54,58.45,210.00,170.00
23.35575032234192,random_2_S3,81.74,232.29,13.97,238.18,104.50,172.35,46.32,3559,2864,2247,1891,3407,849,2983,1641,877,853,230,754,3042,2288,2000,1850,3560,2864,2247,1891,3407,850,2983,1642,873,854,230,754,3042,2288,2000,1850,236.00,236.00,100.90,186.76,58.45,210.00,170.00,236.00,236.00,100.94,185.54,58.45,210.00,170.00
23.49084782600403,random_2_S3,81.74,232.29,13.97,238.18,104.50,172.35,46.32,3559,2864,2247,1891,3407,849,2983,1641,877,853,230,754,3042,2288,2000,1850,3560,2864,2247,1891,3407,850,2983,1642,873,854,230,754,3042,2288,2000,1850,236.00,236.00,100.90,186.76,58.45,210.00,170.00,236.00,236.00,100.94,185.54,58.45,210.00,170.00
23.626015663146973,random_2_S3,81.65,232.29,13.89,238.18,104.41,172.35,46.41,3559,2864,2247,1891,3407,849,2983,1641,877,853,230,754,3042,2288,2000,1850,3560,2864,2247,1891,3407,850,2993,1642,874,854,230,754,3042,2288,2000,1850,236.00,236.00,100.90,186.76,58.45,210.00,170.00,237.31,237.31,100.94,185.84,58.45,210.00,170.00
23.761165857315063,random_2_S3,81.74,232.29,14.06,238.18,104.50,172.35,46.32,3559,2864,2247,1891,3407,849,2983,1641,877,853,230,754,3042,2288,2000,1850,3560,2864,2247,1891,3407,850,2993,1642,874,854,230,754,3042,2288,2000,1850,236.00,236.00,100.90,186.76,58.45,210.00,170.00,237.31,237.31,100.94,185.84,58.45,210.00,170.00
23.896093606948853,random_2_S3,81.74,232.29,13.97,238.10,104.50,172.35,46.32,3559,2864,2247,1891,3407,849,2983,1641,877,853,230,754,3042,2288,2000,1850,3560,2864,2247,1891,3407,850,2994,1642,874,854,230,754,3042,2288,2000,1850,236.00,236.00,100.90,186.76,58.45,210.00,170.00,237.44,237.44,100.94,185.84,58.45,210.00,170.00
24.030789136886597,random_2_S3,81.74,232.29,13.97,238.18,104.50,172.35,46.32,3559,2864,2247,1891,3407,849,2983,1641,877,853,230,754,3042,2288,2000,1850,3560,2864,2247,1891,3407,850,2994,1642,874,854,230,754,3042,2288,2000,1850,236.00,236.00,100.90,186.76,58.45,210.00,170.00,237.44,237.44,100.94,185.84,58.45,210.00,170.00
24.16588544845581,random_2_S3,81.74,232.29,13.97,238.18,104.41,172.35,46.32,3559,2864,2247,1891,3407,849,2983,1641,877,853,230,754,3042,2288,2000,1850,3560,2864,2247,1891,3407,850,2993,1642,874,854,230,754,3042,2288,2000,1850,236.00,236.00,100.90,186.76,58.45,210.00,170.00,237.31,237.31,100.94,185.84,58.45,210.00,170.00
24.3006808757782,random_2_S3,81.74,232.29,13.97,238.18,104.50,172.35,46.32,3559,2864,2247,1891,3407,849,2983,1641,877,853,230,754,3042,2288,2000,1850,3560,2864,2247,1891,3407,850,2993,1642,875,854,230,754,3042,2288,2000,1850,236.00,236.00,100.90,186.76,58.45,210.00,170.00,237.31,237.31,100.94,186.15,58.45,210.00,170.00
24.436081171035767,random_2_S3,81.74,232.29,13.97,238.18,104.50,172.35,46.32,3559,2864,2247,1891,3407,849,2983,1641,877,853,230,754,3042,2288,2000,1850,3560,2864,2247,1891,3407,850,2987,1642,875,854,230,754,3042,2288,2000,1850,236.00,236.00,100.90,186.76,58.45,210.00,170.00,236.52,236.52,100.94,186.15,58.45,210.00,170.00
24.570895195007324,random_3_S2,81.74,232.29,14.06,238.18,104.41,172.35,46.41,3559,2864,2247,1891,3407,849,2762,1641,877,853,230,754,3042,2288,2000,1850,3560,2864,2247,1891,3407,850,2976,1642,875,854,230,754,3042,2288,2000,1850,207.08,207.08,100.90,186.76,58.45,210.00,170.00,235.08,235.08,100.94,186.15,58.45,210.00,170.00
24.705655574798584,random_3_S2,81.74,232.29,13.97,238.27,104.50,172.35,46.32,3559,2864,2247,1891,3407,849,2762,1641,877,853,230,754,3042,2288,2000,1850,3560,2864,2247,1891,3407,850,2933,1642,876,854,230,754,3042,2288,2000,1850,207.08,207.08,100.90,186.76,58.45,210.00,170.00,229.46,229.46,100.94,186.45,58.45,210.00,170.00
24.840643644332886,random_3_S2,81.74,232.29,13.97,238.18,104.41,172.35,46.32,3559,2864,2247,1891,3407,849,2762,1641,877,853,230,754,3042,2288,2000,1850,3560,2864,2247,1891,3407,850,2892,1642,876,854,230,754,3042,2288,2000,1850,207.08,207.08,100.90,186.76,58.45,210.00,170.00,224.09,224.09,100.94,186.45,58.45,210.00,170.00
24.975918292999268,random_3_S2,81.74,232.29,13.97,238.27,104.50,172.35,46.32,3559,2864,2247,1891,3407,849,2762,1641,877,853,230,754,3042,2288,2000,1850,3560,2864,2247,1891,3407,850,2849,1642,876,854,230,754,3042,2288,2000,1850,207.08,207.08,100.90,186.76,58.45,210.00,170.00,218.46,218.46,100.94,186.45,58.45,210.00,170.00
25.11105442047119,random_3_S2,81.83,232.29,13.97,238.27,104.50,172.35,46.32,3559,2864,2247,1891,3407,849,2762,1641,877,853,230,754,3042,2288,2000,1850,3560,2864,2247,1891,3407,850,2814,1642,876,854,230,754,3042,2288,2000,1850,207.08,207.08,100.90,186.76,58.45,210.00,170.00,213.88,213.88,100.94,186.45,58.45,210.00,170.00
25.24598789215088,random_3_S2,81.65,232.29,14.06,238.18,104.50,172.35,46.32,3559,2864,2247,1891,3407,849,2762,1641,877,853,230,754,3042,2288,2000,1850,3560,2864,2247,1891,3407,850,2804,1642,876,854,230,754,3042,2288,2000,1850,207.08,207.08,100.90,186.76,58.45,210.00,170.00,212.57,212.57,100.94,186.45,58.45,210.00,170.00
25.380780696868896,random_3_S2,81.65,232.29,14.06,238.27,104.50,172.35,46.32,3559,2864,2247,1891,3407,849,2762,1641,877,853,230,754,3042,2288,2000,1850,3560,2864,2247,1891,3407,850,2804,1642,876,854,230,754,3042,2288,2000,1850,207.08,207.08,100.90,186.76,58.45,210.00,170.00,212.57,212.57,100.94,186.45,58.45,210.00,170.00
25.515766859054565,random_3_S2,81.56,232.29,13.97,238.18,104.50,172.35,46.32,3559,2864,2247,1891,3407,849,2762,1641,877,853,230,754,3042,2288,2000,1850,3560,2864,2247,1891,3407,850,2804,1642,876,854,230,754,3042,2288,2000,1850,207.08,207.08,100.90,186.76,58.45,210.00,170.00,212.57,212.57,100.94,186.45,58.45,210.00,170.00
25.650691747665405,random_3_S2,81.65,232.29,14.06,238.18,104.50,172.35,46.32,3559,2864,2247,1891,3407,849,2762,1641,877,853,230,754,3042,2288,2000,1850,3560,2865,2247,1891,3407,850,2785,1642,875,854,230,754,3042,2288,2000,1850,207.08,207.08,100.90,186.76,58.45,210.00,170.00,210.09,210.09,100.94,186.15,58.45,210.00,170.00
25.7860848903656,random_3_S2,81.65,232.03,17.49,238.27,104.50,172.35,46.41,3559,2864,2247,1891,3407,849,2762,1641,877,853,230,754,3042,2288,2000,1850,3560,2864,2247,1891,3407,850,2757,1642,876,854,230,754,3042,2288,2000,1850,207.08,207.08,100.90,186.76,58.45,210.00,170.00,206.42,206.42,100.94,186.45,58.45,210.00,170.00
25.920843601226807,random_3_S2,81.65,231.42,17.67,238.27,104.50,172.35,46.32,3559,2864,2247,1891,3407,849,2762,1641,877,853,230,754,3042,2288,2000,1850,3560,2864,2247,1891,3407,850,2757,1642,876,854,230,754,3042,2288,2000,1850,207.08,207.08,100.90,186.76,58.45,210.00,170.00,206.42,206.42,100.94,186.45,58.45,210.00,170.00
26.055674076080322,random_3_S2,81.65,231.33,17.67,238.27,104.50,172.35,46.32,3559,2864,2247,1891,3407,849,2762,1641,877,853,230,754,3042,2288,2000,1850,3560,2865,2247,1891,3407,850,2757,1642,876,854,230,754,3042,2288,2000,1850,207.08,207.08,100.90,186.76,58.45,210.00,170.00,206.42,206.42,100.94,186.45,58.45,210.00,170.00
26.190858602523804,random_3_S2,81.56,231.42,17.67,238.27,104.50,172.35,46.32,3559,2864,2247,1891,3407,849,2762,1641,877,853,230,754,3042,2288,2000,1850,3560,2864,2247,1891,3407,850,2757,1642,876,854,230,754,3042,2288,2000,1850,207.08,207.08,100.90,186.76,58.45,210.00,170.00,206.42,206.42,100.94,186.45,58.45,210.00,170.00
26.32606601715088,random_3_S2,81.56,231.33,17.58,238.27,104.50,172.35,46.32,3559,2864,2247,1891,3407,849,2762,1641,877,853,230,754,3042,2288,2000,1850,3560,2864,2247,1891,3407,850,2757,1642,876,854,230,754,3042,2288,2000,1850,207.08,207.08,100.90,186.76,58.45,210.00,170.00,206.42,206.42,100.94,186.45,58.45,210.00,170.00
26.460668563842773,random_3_S2,81.65,231.33,17.58,238.27,104.50,172.35,46.23,3559,2864,2247,1891,3407,849,2762,1641,877,853,230,754,3042,2288,2000,1850,3560,2864,2247,1891,3407,850,2757,1642,876,854,230,754,3042,2288,2000,1850,207.08,207.08,100.90,186.76,58.45,210.00,170.00,206.42,206.42,100.94,186.45,58.45,210.00,170.00
26.59584951400757,random_3_S2,81.65,231.33,17.58,238.27,104.50,172.35,46.23,3559,2864,2247,1891,3407,849,2762,1641,877,853,230,754,3042,2288,2000,1850,3560,2865,2247,1891,3407,850,2757,1642,876,854,230,754,3042,2288,2000,1850,207.08,207.08,100.90,186.76,58.45,210.00,170.00,206.42,206.42,100.94,186.45,58.45,210.00,170.00
26.7307870388031,random_3_S2,81.74,231.33,17.58,238.27,104.50,172.44,46.32,3559,2864,2247,1891,3407,849,2762,1641,877,853,230,754,3042,2288,2000,1850,3560,2864,2247,1891,3407,850,2757,1642,877,854,230,754,3042,2288,2000,1850,207.08,207.08,100.90,186.76,58.45,210.00,170.00,206.42,206.42,100.94,186.76,58.45,210.00,170.00
26.865790605545044,random_3_S2,81.65,231.33,17.67,238.27,104.50,172.35,46.32,3559,2864,2247,1891,3407,849,2762,1641,877,853,230,754,3042,2288,2000,1850,3560,2864,2247,1891,3407,850,2757,1642,877,854,230,754,3042,2288,2000,1850,207.08,207.08,100.90,186.76,58.45,210.00,170.00,206.42,206.42,100.94,186.76,58.45,210.00,170.00
27.00104570388794,random_3_S2,81.65,231.33,17.58,238.27,104.50,172.35,46.32,3559,2864,2247,1891,3407,849,2762,1641,877,853,230,754,3042,2288,2000,1850,3560,2864,2247,1891,3407,850,2757,1642,877,854,230,754,3042,2288,2000,1850,207.08,207.08,100.90,186.76,58.45,210.00,170.00,206.42,206.42,100.94,186.76,58.45,210.00,170.00
27.13619565963745,random_3_S2,81.56,231.33,17.58,238.27,104.50,172.35,46.32,3559,2864,2247,1891,3407,849,2762,1641,877,853,230,754,3042,2288,2000,1850,3560,2864,2247,1891,3407,850,2756,1642,877,854,230,754,3042,2288,2000,1850,207.08,207.08,100.90,186.76,58.45,210.00,170.00,206.29,206.29,100.94,186.76,58.45,210.00,170.00
27.27069401741028,random_3_S2,81.74,231.33,17.58,238.27,104.50,172.35,46.32,3559,2864,2247,1891,3407,849,2762,1641,877,853,230,754,3042,2288,2000,1850,3560,2865,2247,1891,3407,850,2757,1642,877,854,230,754,3042,2288,2000,1850,207.08,207.08,100.90,186.76,58.45,210.00,170.00,206.42,206.42,100.94,186.76,58.45,210.00,170.00
27.405782222747803,random_3_S2,81.65,231.33,17.49,238.27,104.59,172.35,46.32,3559,2864,2247,1891,3407,849,2762,1641,877,853,230,754,3042,2288,2000,1850,3560,2864,2247,1891,3407,850,2757,1642,877,854,230,754,3042,2288,2000,1850,207.08,207.08,100.90,186.76,58.45,210.00,170.00,206.42,206.42,100.94,186.76,58.45,210.00,170.00
27.540847778320312,random_3_S2,81.65,231.42,17.67,238.27,104.50,172.35,46.32,3559,2864,2247,1891,3407,849,2762,1641,877,853,230,754,3042,2288,2000,1850,3560,2864,2247,1891,3407,850,2757,1642,877,854,230,754,3042,2288,2000,1850,207.08,207.08,100.90,186.76,58.45,210.00,170.00,206.42,206.42,100.94,186.76,58.45,210.00,170.00
27.676042556762695,random_3_S2,81.74,231.33,17.58,238.27,104.50,172.35,46.32,3559,2864,2247,1891,3407,849,2762,1641,877,853,230,754,3042,2288,2000,1850,3560,2864,2247,1891,3407,850,2757,1642,877,854,230,754,3042,2288,2000,1850,207.08,207.08,100.90,186.76,58.45,210.00,170.00,206.42,206.42,100.94,186.76,58.45,210.00,170.00
27.810866355895996,random_3_S2,81.65,231.33,17.58,238.36,104.50,172.35,46.32,3559,2864,2247,1891,3407,849,2762,1641,877,853,230,754,3042,2288,2000,1850,3560,2864,2247,1891,3407,850,2757,1642,877,854,230,754,3042,2288,2000,1850,207.08,207.08,100.90,186.76,58.45,210.00,170.00,206.42,206.42,100.94,186.76,58.45,210.00,170.00
27.945832014083862,random_3_S2,81.65,231.33,17.49,238.36,104.50,172.35,46.32,3559,2864,2247,1891,3407,849,2762,1641,877,853,230,754,3042,2288,2000,1850,3560,2864,2247,1891,3407,850,2757,1642,877,854,230,754,3042,2288,2000,1850,207.08,207.08,100.90,186.76,58.45,210.00,170.00,206.42,206.42,100.94,186.76,58.45,210.00,170.00
28.08088183403015,random_3_S2,81.65,231.33,17.58,238.36,104.50,172.35,46.32,3559,2864,2247,1891,3407,849,2762,1641,877,853,230,754,3042,2288,2000,1850,3560,2864,2247,1891,3407,850,2757,1642,877,854,230,754,3042,2288,2000,1850,207.08,207.08,100.90,186.76,58.45,210.00,170.00,206.42,206.42,100.94,186.76,58.45,210.00,170.00
28.21574378013611,random_3_S2,81.65,231.33,17.58,238.36,104.50,172.35,46.32,3559,2864,2247,1891,3407,849,2762,1641,877,853,230,754,3042,2288,2000,1850,3560,2864,2247,1891,3407,850,2756,1642,877,854,230,754,3042,2288,2000,1850,207.08,207.08,100.90,186.76,58.45,210.00,170.00,206.29,206.29,100.94,186.76,58.45,210.00,170.00
28.35066533088684,random_3_S2,81.65,231.33,17.49,238.27,104.50,172.44,46.32,3559,2864,2247,1891,3407,849,2762,1641,877,853,230,754,3042,2288,2000,1850,3560,2864,2247,1891,3407,850,2757,1642,877,854,230,754,3042,2288,2000,1850,207.08,207.08,100.90,186.76,58.45,210.00,170.00,206.42,206.42,100.94,186.76,58.45,210.00,170.00
28.48610806465149,random_3_S2,81.65,231.42,17.58,238.36,104.50,172.35,46.32,3559,2864,2247,1891,3407,849,2762,1641,877,853,230,754,3042,2288,2000,1850,3560,2864,2247,1891,3407,850,2757,1642,877,854,230,754,3042,2288,2000,1850,207.08,207.08,100.90,186.76,58.45,210.00,170.00,206.42,206.42,100.94,186.76,58.45,210.00,170.00
28.621122360229492,random_3_S2,81.65,231.33,17.58,238.27,104.50,172.35,46.32,3559,2864,2247,1891,3407,849,2762,1641,877,853,230,754,3042,2288,2000,1850,3560,2864,2247,1891,3407,850,2757,1642,877,854,230,754,3042,2288,2000,1850,207.08,207.08,100.90,186.76,58.45,210.00,170.00,206.42,206.42,100.94,186.76,58.45,210.00,170.00
28.755802392959595,random_3_S2,81.65,231.33,17.58,238.27,104.50,172.35,46.32,3559,2864,2247,1891,3407,849,2762,1641,877,853,230,754,3042,2288,2000,1850,3560,2864,2247,1891,3407,850,2757,1642,877,854,230,754,3042,2288,2000,1850,207.08,207.08,100.90,186.76,58.45,210.00,170.00,206.42,206.42,100.94,186.76,58.45,210.00,170.00
28.890766859054565,random_3_S2,81.74,231.33,17.58,238.27,104.50,172.35,46.32,3559,2864,2247,1891,3407,849,2762,1641,877,853,230,754,3042,2288,2000,1850,3560,2864,2247,1891,3407,850,2757,1642,877,854,230,754,3042,2288,2000,1850,207.08,207.08,100.90,186.76,58.45,210.00,170.00,206.42,206.42,100.94,186.76,58.45,210.00,170.00
29.026037216186523,random_3_S2,81.65,231.33,17.58,238.27,104.50,172.35,46.23,3559,2864,2247,1891,3407,849,2762,1641,877,853,230,754,3042,2288,2000,1850,3560,2864,2247,1891,3407,850,2758,1642,877,854,230,754,3042,2288,2000,1850,207.08,207.08,100.90,186.76,58.45,210.00,170.00,206.55,206.55,100.94,186.76,58.45,210.00,170.00
29.16098690032959,random_3_S2,81.65,231.33,17.58,238.27,104.50,172.35,46.23,3559,2864,2247,1891,3407,849,2762,1641,877,853,230,754,3042,2288,2000,1850,3560,2864,2247,1891,3407,850,2758,1642,877,854,230,754,3042,2288,2000,1850,207.08,207.08,100.90,186.76,58.45,210.00,170.00,206.55,206.55,100.94,186.76,58.45,210.00,170.00
29.29588031768799,random_3_S2,81.65,231.33,17.58,238.36,104.50,172.35,46.23,3559,2864,2247,1891,3407,849,2762,1641,877,853,230,754,3042,2288,2000,1850,3560,2864,2247,1891,3407,850,2758,1642,877,854,230,754,3042,2288,2000,1850,207.08,207.08,100.90,186.76,58.45,210.00,170.00,206.55,206.55,100.94,186.76,58.45,210.00,170.00
29.430766582489014,random_3_S2,81.74,231.33,17.58,238.36,104.50,172.35,46.32,3559,2864,2247,1891,3407,849,2762,1641,877,853,230,754,3042,2288,2000,1850,3560,2864,2247,1891,3407,850,2759,1642,877,854,230,754,3042,2288,2000,1850,207.08,207.08,100.90,186.76,58.45,210.00,170.00,206.68,206.68,100.94,186.76,58.45,210.00,170.00
29.56578278541565,random_3_S2,81.74,231.33,17.58,238.27,104.50,172.35,46.23,3559,2864,2247,1891,3407,849,2762,1641,877,853,230,754,3042,2288,2000,1850,3560,2864,2247,1891,3407,850,2759,1642,877,854,230,754,3042,2288,2000,1850,207.08,207.08,100.90,186.76,58.45,210.00,170.00,206.68,206.68,100.94,186.76,58.45,210.00,170.00
29.700655698776245,random_3_S2,81.65,231.33,17.49,238.36,104.50,172.35,46.23,3559,2864,2247,1891,3407,849,2762,1641,877,853,230,754,3042,2288,2000,1850,3560,2864,2247,1891,3407,850,2760,1642,877,854,230,754,3042,2288,2000,1850,207.08,207.08,100.90,186.76,58.45,210.00,170.00,206.81,206.81,100.94,186.76,58.45,210.00,170.00
29.836086750030518,random_3_S2,81.65,231.33,17.58,238.36,104.50,172.35,46.23,3559,2864,2247,1891,3407,849,2762,1641,877,853,230,754,3042,2288,2000,1850,3560,2864,2247,1891,3407,850,2762,1642,877,854,230,754,3042,2288,2000,1850,207.08,207.08,100.90,186.76,58.45,210.00,170.00,207.08,207.08,100.94,186.76,58.45,210.00,170.00
29.970691204071045,random_3_S2,81.65,231.33,17.58,238.27,104.50,172.35,46.32,3559,2864,2247,1891,3407,849,2762,1641,877,853,230,754,3042,2288,2000,1850,3560,2864,2247,1891,3407,850,2762,1642,877,854,230,754,3042,2288,2000,1850,207.08,207.08,100.90,186.76,58.45,210.00,170.00,207.08,207.08,100.94,186.76,58.45,210.00,170.00
30.105720281600952,random_3_S2,81.56,231.33,17.58,238.27,104.50,172.35,46.32,3559,2864,2247,1891,3407,849,2762,1641,877,853,230,754,3042,2288,2000,1850,3560,2864,2247,1891,3407,850,2762,1642,877,854,230,754,3042,2288,2000,1850,207.08,207.08,100.90,186.76,58.45,210.00,170.00,207.08,207.08,100.94,186.76,58.45,210.00,170.00
30.240662813186646,random_3_S2,81.74,231.33,17.58,238.36,104.50,172.35,46.23,3559,2864,2247,1891,3407,849,2762,1641,877,853,230,754,3042,2288,2000,1850,3560,2864,2247,1891,3407,851,2762,1642,877,854,230,754,3042,2288,2000,1850,207.08,207.08,100.90,186.76,58.45,210.00,170.00,207.08,207.08,100.94,186.76,58.45,210.00,170.00
30.375689029693604,random_3_S2,81.65,231.33,17.58,238.18,104.59,172.35,46.32,3559,2864,2247,1891,3407,849,2762,1641,877,853,230,754,3042,2288,2000,1850,3560,2864,2247,1891,3407,850,2762,1642,877,854,230,754,3042,2288,2000,1850,207.08,207.08,100.90,186.76,58.45,210.00,170.00,207.08,207.08,100.94,186.76,58.45,210.00,170.00
30.51067304611206,random_3_S2,81.65,231.33,17.58,238.36,104.50,172.35,46.23,3559,2864,2247,1891,3407,849,2762,1641,877,853,230,754,3042,2288,2000,1850,3560,2864,2247,1891,3407,850,2762,1642,877,854,230,754,3042,2288,2000,1850,207.08,207.08,100.90,186.76,58.45,210.00,170.00,207.08,207.08,100.94,186.76,58.45,210.00,170.00
30.645635843276978,random_3_S2,81.65,231.33,17.67,238.36,104.50,172.35,46.23,3559,2864,2247,1891,3407,849,2762,1641,877,853,230,754,3042,2288,2000,1850,3560,2864,2247,1891,3407,850,2762,1642,877,854,230,754,3042,2288,2000,1850,207.08,207.08,100.90,186.76,58.45,210.00,170.00,207.08,207.08,100.94,186.76,58.45,210.00,170.00
30.780635595321655,random_3_S2,81.74,231.42,17.49,238.27,104.50,172.35,46.23,3559,2864,2247,1891,3407,849,2762,1641,877,853,230,754,3042,2288,2000,1850,3560,2865,2247,1891,3407,850,2762,1642,877,854,230,754,3042,2288,2000,1850,207.08,207.08,100.90,186.76,58.45,210.00,170.00,207.08,207.08,100.94,186.76,58.45,210.00,170.00
30.915690660476685,random_3_S2,81.74,231.33,17.58,238.36,104.50,172.35,46.32,3559,2864,2247,1891,3407,849,2762,1641,877,853,230,754,3042,2288,2000,1850,3560,2864,2247,1891,3407,850,2762,1642,877,854,230,754,3042,2288,2000,1850,207.08,207.08,100.90,186.76,58.45,210.00,170.00,207.08,207.08,100.94,186.76,58.45,210.00,170.00
31.050652742385864,random_3_S2,81.65,231.33,17.58,238.36,104.50,172.35,46.23,3559,2864,2247,1891,3407,849,2762,1641,877,853,230,754,3042,2288,2000,1850,3560,2865,2247,1891,3407,850,2762,1642,877,854,230,754,3042,2288,2000,1850,207.08,207.08,100.90,186.76,58.45,210.00,170.00,207.08,207.08,100.94,186.76,58.45,210.00,170.00
31.186057806015015,random_3_S2,81.65,231.33,17.58,238.27,104.50,172.35,46.23,3559,2864,2247,1891,3407,849,2762,1641,877,853,230,754,3042,2288,2000,1850,3560,2864,2247,1891,3407,850,2762,1642,877,854,230,754,3042,2288,2000,1850,207.08,207.08,100.90,186.76,58.45,210.00,170.00,207.08,207.08,100.94,186.76,58.45,210.00,170.00
31.321041345596313,random_3_S2,81.65,231.33,17.58,238.27,104.50,172.35,46.23,3559,2864,2247,1891,3407,849,2762,1641,877,853,230,754,3042,2288,2000,1850,3560,2864,2247,1891,3407,850,2762,1642,877,854,230,754,3042,2288,2000,1850,207.08,207.08,100.90,186.76,58.45,210.00,170.00,207.08,207.08,100.94,186.76,58.45,210.00,170.00
31.455995559692383,random_3_S2,81.65,231.33,17.58,238.27,104.50,172.35,46.23,3559,2864,2247,1891,3407,849,2762,1641,877,853,230,754,3042,2288,2000,1850,3560,2864,2247,1891,3407,850,2762,1642,877,854,230,754,3042,2288,2000,1850,207.08,207.08,100.90,186.76,58.45,210.00,170.00,207.08,207.08,100.94,186.76,58.45,210.00,170.00
31.590856552124023,random_3_S2,81.65,231.33,17.49,238.27,104.50,172.35,46.23,3559,2864,2247,1891,3407,849,2762,1641,877,853,230,754,3042,2288,2000,1850,3560,2864,2247,1891,3407,850,2762,1642,877,854,230,754,3042,2288,2000,1850,207.08,207.08,100.90,186.76,58.45,210.00,170.00,207.08,207.08,100.94,186.76,58.45,210.00,170.00
31.72585153579712,random_3_S2,81.65,231.42,17.58,238.36,104.50,172.35,46.23,3559,2864,2247,1891,3407,849,2762,1641,877,853,230,754,3042,2288,2000,1850,3560,2864,2247,1891,3407,850,2762,1642,877,854,230,754,3042,2288,2000,1850,207.08,207.08,100.90,186.76,58.45,210.00,170.00,207.08,207.08,100.94,186.76,58.45,210.00,170.00
31.860937356948853,random_3_S2,81.65,231.33,17.49,238.27,104.50,172.35,46.14,3559,2864,2247,1891,3407,849,2762,1641,877,853,230,754,3042,2288,2000,1850,3560,2865,2247,1891,3407,850,2762,1642,877,854,230,754,3042,2288,2000,1850,207.08,207.08,100.90,186.76,58.45,210.00,170.00,207.08,207.08,100.94,186.76,58.45,210.00,170.00
31.99568009376526,random_3_S2,81.65,231.33,17.49,238.36,104.50,172.35,46.23,3559,2864,2247,1891,3407,849,2762,1641,877,853,230,754,3042,2288,2000,1850,3560,2864,2247,1891,3407,850,2762,1642,877,854,230,754,3042,2288,2000,1850,207.08,207.08,100.90,186.76,58.45,210.00,170.00,207.08,207.08,100.94,186.76,58.45,210.00,170.00
32.13068699836731,random_3_S2,81.74,231.42,17.58,238.27,104.59,172.35,46.32,3559,2864,2247,1891,3407,849,2762,1641,877,853,230,754,3042,2288,2000,1850,3560,2864,2247,1891,3407,850,2763,1642,877,854,230,754,3042,2288,2000,1850,207.08,207.08,100.90,186.76,58.45,210.00,170.00,207.21,207.21,100.94,186.76,58.45,210.00,170.00
32.26575231552124,random_3_S2,81.74,231.33,17.58,238.27,104.50,172.35,46.32,3559,2864,2247,1891,3407,849,2762,1641,877,853,230,754,3042,2288,2000,1850,3560,2864,2247,1891,3407,850,2763,1642,877,854,230,754,3042,2288,2000,1850,207.08,207.08,100.90,186.76,58.45,210.00,170.00,207.21,207.21,100.94,186.76,58.45,210.00,170.00
32.401047229766846,random_3_S2,81.74,231.33,17.49,238.27,104.50,172.35,46.14,3559,2864,2247,1891,3407,849,2762,1641,877,853,230,754,3042,2288,2000,1850,3560,2864,2247,1891,3407,850,2763,1642,877,854,230,754,3042,2288,2000,1850,207.08,207.08,100.90,186.76,58.45,210.00,170.00,207.21,207.21,100.94,186.76,58.45,210.00,170.00
32.53608012199402,random_3_S2,81.65,231.42,17.58,238.27,104.59,172.35,46.23,3559,2864,2247,1891,3407,849,2762,1641,877,853,230,754,3042,2288,2000,1850,3560,2864,2247,1891,3407,850,2764,1642,877,854,230,754,3042,2288,2000,1850,207.08,207.08,100.90,186.76,58.45,210.00,170.00,207.34,207.34,100.94,186.76,58.45,210.00,170.00
32.67068529129028,random_3_S2,81.74,231.33,17.49,238.27,104.50,172.35,46.23,3559,2864,2247,1891,3407,849,2762,1641,877,853,230,754,3042,2288,2000,1850,3560,2864,2247,1891,3407,850,2764,1642,877,854,230,754,3042,2288,2000,1850,207.08,207.08,100.90,186.76,58.45,210.00,170.00,207.34,207.34,100.94,186.76,58.45,210.00,170.00
32.806098222732544,random_3_S2,81.65,231.33,17.58,238.36,104.50,172.35,46.23,3559,2864,2247,1891,3407,849,2762,1641,877,853,230,754,3042,2288,2000,1850,3560,2864,2247,1891,3407,850,2764,1642,877,854,230,754,3042,2288,2000,1850,207.08,207.08,100.90,186.76,58.45,210.00,170.00,207.34,207.34,100.94,186.76,58.45,210.00,170.00
32.941078186035156,random_3_S2,81.65,231.33,17.49,238.27,104.50,172.35,46.23,3559,2864,2247,1891,3407,849,2762,1641,877,853,230,754,3042,2288,2000,1850,3560,2864,2247,1891,3407,850,2764,1642,877,854,230,754,3042,2288,2000,1850,207.08,207.08,100.90,186.76,58.45,210.00,170.00,207.34,207.34,100.94,186.76,58.45,210.00,170.00
33.075788497924805,random_3_S2,81.65,231.33,17.58,238.36,104.50,172.35,46.23,3559,2864,2247,1891,3407,849,2762,1641,877,853,230,754,3042,2288,2000,1850,3560,2864,2247,1891,3407,850,2764,1642,877,854,230,754,3042,2288,2000,1850,207.08,207.08,100.90,186.76,58.45,210.00,170.00,207.34,207.34,100.94,186.76,58.45,210.00,170.00
33.21083331108093,random_3_S2,81.65,231.42,17.58,238.27,104.50,172.35,46.23,3559,2864,2247,1891,3407,849,2762,1641,877,853,230,754,3042,2288,2000,1850,3560,2864,2247,1891,3407,850,2764,1642,877,854,230,754,3042,2288,2000,1850,207.08,207.08,100.90,186.76,58.45,210.00,170.00,207.34,207.34,100.94,186.76,58.45,210.00,170.00
33.34567427635193,random_3_S2,81.74,231.42,17.49,238.36,104.50,172.35,46.14,3559,2864,2247,1891,3407,849,2762,1641,877,853,230,754,3042,2288,2000,1850,3560,2864,2247,1891,3407,850,2764,1642,877,854,230,754,3042,2288,2000,1850,207.08,207.08,100.90,186.76,58.45,210.00,170.00,207.34,207.34,100.94,186.76,58.45,210.00,170.00
33.48075580596924,random_3_S2,81.65,231.33,17.58,238.27,104.50,172.35,46.14,3559,2864,2247,1891,3407,849,2762,1641,877,853,230,754,3042,2288,2000,1850,3560,2864,2247,1891,3407,850,2764,1642,877,854,230,754,3042,2288,2000,1850,207.08,207.08,100.90,186.76,58.45,210.00,170.00,207.34,207.34,100.94,186.76,58.45,210.00,170.00
33.616007804870605,random_3_S2,81.65,231.33,17.58,238.27,104.50,172.44,46.23,3559,2864,2247,1891,3407,849,2762,1641,877,853,230,754,3042,2288,2000,1850,3560,2864,2247,1891,3407,850,2764,1642,877,854,230,754,3042,2288,2000,1850,207.08,207.08,100.90,186.76,58.45,210.00,170.00,207.34,207.34,100.94,186.76,58.45,210.00,170.00
33.75120139122009,random_3_S2,81.74,231.33,17.58,238.36,104.50,172.35,46.23,3559,2864,2247,1891,3407,849,2762,1641,877,853,230,754,3042,2288,2000,1850,3560,2865,2247,1891,3407,850,2764,1642,877,854,230,754,3042,2288,2000,1850,207.08,207.08,100.90,186.76,58.45,210.00,170.00,207.34,207.34,100.94,186.76,58.45,210.00,170.00
33.88608169555664,random_3_S2,81.74,231.33,17.49,238.36,104.50,172.35,46.23,3559,2864,2247,1891,3407,849,2762,1641,877,853,230,754,3042,2288,2000,1850,3560,2864,2247,1891,3407,850,2764,1642,877,854,230,754,3042,2288,2000,1850,207.08,207.08,100.90,186.76,58.45,210.00,170.00,207.34,207.34,100.94,186.76,58.45,210.00,170.00
34.020894289016724,random_3_S2,81.74,231.33,17.58,238.27,104.50,172.35,46.23,3559,2864,2247,1891,3407,849,2762,1641,877,853,230,754,3042,2288,2000,1850,3560,2864,2247,1891,3407,850,2764,1642,877,854,230,754,3042,2288,2000,1850,207.08,207.08,100.90,186.76,58.45,210.00,170.00,207.34,207.34,100.94,186.76,58.45,210.00,170.00
34.155826807022095,random_3_S2,81.65,231.33,17.49,238.36,104.50,172.35,46.23,3559,2864,2247,1891,3407,849,2762,1641,877,853,230,754,3042,2288,2000,1850,3560,2864,2247,1891,3407,850,2764,1642,877,854,230,754,3042,2288,2000,1850,207.08,207.08,100.90,186.76,58.45,210.00,170.00,207.34,207.34,100.94,186.76,58.45,210.00,170.00
34.2907509803772,random_3_S2,81.56,231.42,17.58,238.27,104.50,172.35,46.23,3559,2864,2247,1891,3407,849,2762,1641,877,853,230,754,3042,2288,2000,1850,3560,2864,2247,1891,3407,850,2764,1642,877,854,230,754,3042,2288,2000,1850,207.08,207.08,100.90,186.76,58.45,210.00,170.00,207.34,207.34,100.94,186.76,58.45,210.00,170.00
34.425873041152954,random_3_S2,81.74,231.33,17.58,238.36,104.50,172.35,46.14,3559,2864,2247,1891,3407,849,2762,1641,877,853,230,754,3042,2288,2000,1850,3560,2865,2247,1891,3407,850,2764,1642,877,854,230,754,3042,2288,2000,1850,207.08,207.08,100.90,186.76,58.45,210.00,170.00,207.34,207.34,100.94,186.76,58.45,210.00,170.00
34.56093239784241,random_3_S2,81.65,231.33,17.58,238.36,104.50,172.35,46.23,3559,2864,2247,1891,3407,849,2762,1641,877,853,230,754,3042,2288,2000,1850,3560,2864,2247,1891,3407,850,2764,1642,877,854,230,754,3042,2288,2000,1850,207.08,207.08,100.90,186.76,58.45,210.00,170.00,207.34,207.34,100.94,186.76,58.45,210.00,170.00
34.69566226005554,random_3_S2,81.74,231.33,17.49,238.27,104.50,172.35,46.23,3559,2864,2247,1891,3407,849,2762,1641,877,853,230,754,3042,2288,2000,1850,3560,2864,2247,1891,3407,850,2764,1642,877,854,230,754,3042,2288,2000,1850,207.08,207.08,100.90,186.76,58.45,210.00,170.00,207.34,207.34,100.94,186.76,58.45,210.00,170.00
34.83079719543457,random_3_S2,81.74,231.33,17.67,238.36,104.50,172.35,46.23,3559,2864,2247,1891,3407,849,2762,1641,877,853,230,754,3042,2288,2000,1850,3560,2864,2247,1891,3407,850,2764,1642,877,854,230,754,3042,2288,2000,1850,207.08,207.08,100.90,186.76,58.45,210.00,170.00,207.34,207.34,100.94,186.76,58.45,210.00,170.00
34.96586561203003,random_3_S2,81.65,231.33,17.58,238.27,104.50,172.35,46.23,3559,2864,2247,1891,3407,849,2762,1641,877,853,230,754,3042,2288,2000,1850,3560,2864,2247,1891,3407,850,2764,1642,877,854,230,754,3042,2288,2000,1850,207.08,207.08,100.90,186.76,58.45,210.00,170.00,207.34,207.34,100.94,186.76,58.45,210.00,170.00
35.10106062889099,random_3_S2,81.65,231.33,17.58,238.36,104.59,172.35,46.23,3559,2864,2247,1891,3407,849,2762,1641,877,853,230,754,3042,2288,2000,1850,3560,2864,2247,1891,3407,850,2764,1642,877,854,230,754,3042,2288,2000,1850,207.08,207.08,100.90,186.76,58.45,210.00,170.00,207.34,207.34,100.94,186.76,58.45,210.00,170.00
35.23609447479248,random_4_S6,81.65,231.42,17.49,238.27,104.50,172.35,46.23,3559,2864,2247,1891,3407,849,2762,1641,877,853,230,509,3042,2288,2000,1850,3560,2864,2247,1891,3407,850,2764,1642,877,854,230,754,3042,2288,2000,1850,207.08,207.08,100.90,186.76,41.20,210.00,170.00,207.34,207.34,100.94,186.76,58.45,210.00,170.00
35.370859146118164,random_4_S6,81.65,231.33,17.58,238.27,104.50,172.35,46.23,3559,2864,2247,1891,3407,849,2762,1641,877,853,230,509,3042,2288,2000,1850,3560,2864,2247,1891,3407,850,2764,1642,877,854,230,747,3042,2288,2000,1850,207.08,207.08,100.90,186.76,41.20,210.00,170.00,207.34,207.34,100.94,186.76,57.96,210.00,170.00
35.50585055351257,random_4_S6,81.74,231.33,17.58,238.27,104.50,172.35,46.05,3559,2864,2247,1891,3407,849,2762,1641,877,853,230,509,3042,2288,2000,1850,3560,2864,2247,1890,3407,850,2764,1642,877,854,230,711,3042,2288,2000,1850,207.08,207.08,100.90,186.76,41.20,210.00,170.00,207.34,207.34,100.94,186.76,55.42,210.00,170.00
35.64080452919006,random_4_S6,81.65,231.33,17.49,238.27,104.59,172.35,53.17,3559,2864,2247,1891,3407,849,2762,1641,877,853,230,509,3042,2288,2000,1850,3560,2865,2247,1890,3407,849,2764,1642,877,854,230,656,3042,2288,2000,1850,207.08,207.08,100.90,186.76,41.20,210.00,170.00,207.34,207.34,100.94,186.76,51.55,210.00,170.00
35.77566909790039,random_4_S6,81.65,231.33,17.58,238.36,104.59,172.44,59.50,3559,2864,2247,1891,3407,849,2762,1641,877,853,230,509,3042,2288,2000,1850,3560,2865,2247,1890,3407,849,2763,1642,877,854,230,591,3042,2288,2000,1850,207.08,207.08,100.90,186.76,41.20,210.00,170.00,207.21,207.21,100.94,186.76,46.97,210.00,170.00
35.91065168380737,random_4_S6,81.65,231.33,17.49,238.27,104.59,172.35,58.97,3559,2864,2247,1891,3407,849,2762,1641,877,853,230,509,3042,2288,2000,1850,3560,2865,2247,1890,3407,849,2763,1642,877,854,230,545,3042,2288,2000,1850,207.08,207.08,100.90,186.76,41.20,210.00,170.00,207.21,207.21,100.94,186.76,43.73,210.00,170.00
36.04569172859192,random_4_S6,81.65,231.33,17.49,238.27,104.59,172.35,59.41,3559,2864,2247,1891,3407,849,2762,1641,877,853,230,509,3042,2288,2000,1850,3560,2864,2247,1890,3407,849,2763,1642,877,854,230,506,3042,2288,2000,1850,207.08,207.08,100.90,186.76,41.20,210.00,170.00,207.21,207.21,100.94,186.76,40.99,210.00,170.00
36.181052923202515,random_4_S6,81.74,231.33,17.40,238.36,104.59,172.35,59.68,3559,2864,2247,1891,3407,849,2762,1641,877,853,230,509,3042,2288,2000,1850,3560,2865,2247,1890,3407,849,2763,1642,877,854,230,504,3042,2288,2000,1850,207.08,207.08,100.90,186.76,41.20,210.00,170.00,207.21,207.21,100.94,186.76,40.85,210.00,170.00
36.31580352783203,random_4_S6,81.65,231.33,17.49,238.27,104.50,172.35,59.68,3559,2864,2247,1891,3407,849,2762,1641,877,853,230,509,3042,2288,2000,1850,3560,2864,2247,1890,3407,849,2763,1642,877,854,230,504,3042,2288,2000,1850,207.08,207.08,100.90,186.76,41.20,210.00,170.00,207.21,207.21,100.94,186.76,40.85,210.00,170.00
36.45065951347351,random_4_S6,81.74,231.33,17.49,238.27,104.50,172.44,59.68,3559,2864,2247,1891,3407,849,2762,1641,877,853,230,509,3042,2288,2000,1850,3560,2864,2247,1890,3407,849,2763,1642,877,854,230,504,3042,2288,2000,1850,207.08,207.08,100.90,186.76,41.20,210.00,170.00,207.21,207.21,100.94,186.76,40.85,210.00,170.00
36.586071252822876,random_4_S6,81.74,231.33,17.49,238.27,104.50,172.35,59.68,3559,2864,2247,1891,3407,849,2762,1641,877,853,230,509,3042,2288,2000,1850,3560,2865,2247,1890,3407,850,2763,1642,877,854,230,504,3042,2288,2000,1850,207.08,207.08,100.90,186.76,41.20,210.00,170.00,207.21,207.21,100.94,186.76,40.85,210.00,170.00
36.7210259437561,random_4_S6,81.74,231.33,17.58,238.36,104.59,172.35,59.59,3559,2864,2247,1891,3407,849,2762,1641,877,853,230,509,3042,2288,2000,1850,3560,2865,2247,1890,3407,850,2763,1642,877,854,230,504,3042,2288,2000,1850,207.08,207.08,100.90,186.76,41.20,210.00,170.00,207.21,207.21,100.94,186.76,40.85,210.00,170.00
36.85599398612976,random_4_S6,81.65,231.33,17.49,238.27,104.50,172.35,59.68,3559,2864,2247,1891,3407,849,2762,1641,877,853,230,509,3042,2288,2000,1850,3560,2865,2247,1890,3407,850,2763,1642,877,854,230,504,3042,2288,2000,1850,207.08,207.08,100.90,186.76,41.20,210.00,170.00,207.21,207.21,100.94,186.76,40.85,210.00,170.00
36.990766525268555,random_4_S6,81.65,231.33,17.58,238.27,104.50,172.44,59.68,3559,2864,2247,1891,3407,849,2762,1641,877,853,230,509,3042,2288,2000,1850,3560,2865,2247,1890,3407,850,2763,1642,877,854,230,504,3042,2288,2000,1850,207.08,207.08,100.90,186.76,41.20,210.00,170.00,207.21,207.21,100.94,186.76,40.85,210.00,170.00
37.12574505805969,random_4_S6,81.65,231.33,17.49,238.27,104.50,172.35,59.68,3559,2864,2247,1891,3407,849,2762,1641,877,853,230,509,3042,2288,2000,1850,3560,2864,2247,1891,3407,850,2763,1642,877,854,230,504,3042,2288,2000,1850,207.08,207.08,100.90,186.76,41.20,210.00,170.00,207.21,207.21,100.94,186.76,40.85,210.00,170.00
37.2607307434082,random_4_S6,81.74,231.42,17.49,238.27,104.50,172.35,59.68,3559,2864,2247,1891,3407,849,2762,1641,877,853,230,509,3042,2288,2000,1850,3560,2865,2247,1891,3407,850,2763,1642,877,854,230,504,3042,2288,2000,1850,207.08,207.08,100.90,186.76,41.20,210.00,170.00,207.21,207.21,100.94,186.76,40.85,210.00,170.00
37.395667552948,random_4_S6,81.74,231.33,17.49,238.27,104.50,172.35,59.59,3559,2864,2247,1891,3407,849,2762,1641,877,853,230,509,3042,2288,2000,1850,3560,2864,2247,1891,3407,850,2763,1642,877,854,230,504,3042,2288,2000,1850,207.08,207.08,100.90,186.76,41.20,210.00,170.00,207.21,207.21,100.94,186.76,40.85,210.00,170.00
37.53106236457825,random_4_S6,81.74,231.42,17.49,238.27,104.50,172.44,59.59,3559,2864,2247,1891,3407,849,2762,1641,877,853,230,509,3042,2288,2000,1850,3560,2864,2247,1891,3407,850,2763,1642,877,854,230,504,3042,2288,2000,1850,207.08,207.08,100.90,186.76,41.20,210.00,170.00,207.21,207.21,100.94,186.76,40.85,210.00,170.00
37.665717124938965,random_4_S6,81.74,231.33,17.49,238.27,104.50,172.44,59.68,3559,2864,2247,1891,3407,849,2762,1641,877,853,230,509,3042,2288,2000,1850,3560,2865,2247,1891,3407,850,2763,1642,877,854,230,504,3042,2288,2000,1850,207.08,207.08,100.90,186.76,41.20,210.00,170.00,207.21,207.21,100.94,186.76,40.85,210.00,170.00
37.801037073135376,random_4_S6,81.65,231.42,17.49,238.27,104.50,172.44,59.59,3559,2864,2247,1891,3407,849,2762,1641,877,853,230,509,3042,2288,2000,1850,3560,2865,2247,1891,3407,850,2763,1642,877,854,230,504,3042,2288,2000,1850,207.08,207.08,100.90,186.76,41.20,210.00,170.00,207.21,207.21,100.94,186.76,40.85,210.00,170.00
37.936068058013916,random_4_S6,81.74,231.33,17.49,238.27,104.50,172.35,59.59,3559,2864,2247,1891,3407,849,2762,1641,877,853,230,509,3042,2288,2000,1850,3560,2864,2247,1891,3407,850,2763,1642,877,854,230,504,3042,2288,2000,1850,207.08,207.08,100.90,186.76,41.20,210.00,170.00,207.21,207.21,100.94,186.76,40.85,210.00,170.00
38.071186542510986,random_4_S6,81.74,231.33,17.49,238.27,104.50,172.35,59.68,3559,2864,2247,1891,3407,849,2762,1641,877,853,230,509,3042,2288,2000,1850,3560,2864,2247,1891,3407,850,2763,1642,877,854,230,504,3042,2288,2000,1850,207.08,207.08,100.90,186.76,41.20,210.00,170.00,207.21,207.21,100.94,186.76,40.85,210.00,170.00
38.20583534240723,random_4_S6,81.74,231.33,17.49,238.27,104.50,172.35,59.59,3559,2864,2247,1891,3407,849,2762,1641,877,853,230,509,3042,2288,2000,1850,3560,2864,2247,1891,3407,850,2763,1642,877,854,230,504,3042,2288,2000,1850,207.08,207.08,100.90,186.76,41.20,210.00,170.00,207.21,207.21,100.94,186.76,40.85,210.00,170.00
38.340763092041016,random_4_S6,81.65,231.33,17.49,238.27,104.50,172.35,59.59,3559,2864,2247,1891,3407,849,2762,1641,877,853,230,509,3042,2288,2000,1850,3560,2865,2247,1891,3407,850,2763,1642,877,854,230,504,3042,2288,2000,1850,207.08,207.08,100.90,186.76,41.20,210.00,170.00,207.21,207.21,100.94,186.76,40.85,210.00,170.00
38.4757182598114,random_4_S6,81.74,231.33,17.49,238.27,104.50,172.35,59.59,3559,2864,2247,1891,3407,849,2762,1641,877,853,230,509,3042,2288,2000,1850,3560,2864,2247,1891,3407,850,2763,1642,877,854,230,504,3042,2288,2000,1850,207.08,207.08,100.90,186.76,41.20,210.00,170.00,207.21,207.21,100.94,186.76,40.85,210.00,170.00
38.61077332496643,random_4_S6,81.65,231.33,17.58,238.36,104.50,172.35,59.59,3559,2864,2247,1891,3407,849,2762,1641,877,853,230,509,3042,2288,2000,1850,3560,2865,2247,1891,3407,850,2763,1642,877,854,230,504,3042,2288,2000,1850,207.08,207.08,100.90,186.76,41.20,210.00,170.00,207.21,207.21,100.94,186.76,40.85,210.00,170.00
38.745827198028564,final_open,81.65,231.33,17.49,238.36,104.50,172.35,59.59,3559,2864,2247,1891,3407,849,2983,1641,1249,853,230,1060,3042,2288,2000,1850,3560,2864,2247,1891,3407,850,2763,1642,878,854,230,505,3042,2288,2000,1850,236.00,236.00,100.90,300.00,80.00,210.00,170.00,207.21,207.21,100.94,187.06,40.92,210.00,170.00
38.880645751953125,final_open,82.09,231.33,17.23,238.97,104.41,172.44,59.59,3559,2864,2247,1891,3407,849,2983,1641,1249,853,230,1060,3042,2288,2000,1850,3560,2863,2247,1892,3407,851,2793,1642,946,854,230,562,3042,2288,2000,1850,236.00,236.00,100.90,300.00,80.00,210.00,170.00,211.13,211.13,100.94,207.76,44.93,210.00,170.00
39.01564335823059,final_open,81.91,231.50,13.62,245.13,104.41,172.27,59.06,3559,2864,2247,1891,3407,849,2983,1641,1249,853,230,1060,3042,2288,2000,1850,3560,2858,2246,1893,3407,852,2823,1642,998,854,230,640,3042,2288,1999,1849,236.00,236.00,100.90,300.00,80.00,210.00,170.00,215.06,215.06,100.94,223.59,50.42,210.00,170.00
39.15069627761841,final_open,82.53,232.38,12.83,247.15,104.41,172.27,59.33,3559,2864,2247,1891,3407,849,2983,1641,1249,853,230,1060,3042,2288,2000,1850,3560,2858,2246,1893,3407,852,2860,1642,1059,854,230,745,3042,2288,2000,1849,236.00,236.00,100.90,300.00,80.00,210.00,170.00,219.90,219.90,100.94,242.16,57.82,210.00,170.00
39.28610920906067,final_open,82.79,232.56,13.01,247.94,104.41,172.35,53.44,3559,2864,2247,1891,3407,849,2983,1641,1249,853,230,1060,3042,2288,2000,1850,3560,2859,2246,1893,3407,853,2891,1642,1108,854,230,825,3042,2288,2000,1850,236.00,236.00,100.90,300.00,80.00,210.00,170.00,223.96,223.96,100.94,257.08,63.45,210.00,170.00
39.42101764678955,final_open,82.79,232.56,13.01,248.12,104.41,172.27,43.07,3559,2864,2247,1891,3407,849,2983,1641,1249,853,230,1060,3042,2288,2000,1850,3560,2859,2246,1892,3407,853,2924,1642,1165,854,230,910,3042,2288,2000,1849,236.00,236.00,100.90,300.00,80.00,210.00,170.00,228.28,228.28,100.94,274.43,69.44,210.00,170.00
39.55579996109009,final_open,82.88,232.56,12.92,248.38,104.68,172.18,41.75,3559,2864,2247,1891,3407,849,2983,1641,1249,853,230,1060,3042,2288,2000,1850,3560,2860,2246,1892,3407,852,2962,1642,1220,854,230,1003,3042,2288,2000,1850,236.00,236.00,100.90,300.00,80.00,210.00,170.00,233.25,233.25,100.94,291.17,75.99,210.00,170.00
39.69087600708008,final_open,82.88,232.56,13.10,248.55,104.68,172.09,42.28,3559,2864,2247,1891,3407,849,2983,1641,1249,853,230,1060,3042,2288,2000,1850,3560,2860,2246,1892,3407,852,2990,1642,1261,854,230,1063,3042,2288,2000,1849,236.00,236.00,100.90,300.00,80.00,210.00,170.00,236.92,236.92,100.94,303.65,80.21,210.00,170.00
39.825725078582764,final_open,82.79,232.56,13.01,248.73,104.68,172.09,42.28,3559,2864,2247,1891,3407,849,2983,1641,1249,853,230,1060,3042,2288,2000,1850,3560,2861,2246,1892,3407,852,2988,1642,1250,854,230,1068,3042,2288,2000,1850,236.00,236.00,100.90,300.00,80.00,210.00,170.00,236.65,236.65,100.94,300.30,80.56,210.00,170.00
39.96073770523071,final_open,82.88,232.56,13.10,248.73,104.68,172.09,42.19,3559,2864,2247,1891,3407,849,2983,1641,1249,853,230,1060,3042,2288,2000,1850,3560,2861,2246,1892,3407,852,2988,1642,1250,854,230,1068,3042,2288,2000,1850,236.00,236.00,100.90,300.00,80.00,210.00,170.00,236.65,236.65,100.94,300.30,80.56,210.00,170.00
40.09605050086975,final_open,82.88,232.56,13.10,248.73,104.68,172.09,42.19,3559,2864,2247,1891,3407,849,2983,1641,1249,853,230,1060,3042,2288,2000,1850,3560,2862,2246,1892,3407,852,2988,1642,1250,854,230,1068,3042,2288,2000,1850,236.00,236.00,100.90,300.00,80.00,210.00,170.00,236.65,236.65,100.94,300.30,80.56,210.00,170.00
40.23104929924011,final_open,82.79,232.56,13.10,248.82,104.68,172.09,42.19,3559,2864,2247,1891,3407,849,2983,1641,1249,853,230,1060,3042,2288,2000,1850,3560,2862,2246,1892,3407,852,2988,1642,1250,854,230,1068,3042,2288,2000,1849,236.00,236.00,100.90,300.00,80.00,210.00,170.00,236.65,236.65,100.94,300.30,80.56,210.00,170.00
40.36582088470459,final_open,82.79,232.56,13.10,248.82,104.68,172.00,42.19,3559,2864,2247,1891,3407,849,2983,1641,1249,853,230,1060,3042,2288,2000,1850,3560,2862,2246,1892,3407,851,2988,1642,1250,854,230,1068,3042,2288,2000,1850,236.00,236.00,100.90,300.00,80.00,210.00,170.00,236.65,236.65,100.94,300.30,80.56,210.00,170.00
40.50083136558533,final_open,82.88,232.56,13.01,248.91,104.68,172.00,42.19,3559,2864,2247,1891,3407,849,2983,1641,1249,853,230,1060,3042,2288,2000,1850,3560,2862,2246,1892,3407,851,2988,1642,1250,854,230,1068,3042,2288,2000,1850,236.00,236.00,100.90,300.00,80.00,210.00,170.00,236.65,236.65,100.94,300.30,80.56,210.00,170.00
40.63608908653259,final_open,82.88,232.56,13.01,248.91,104.68,172.09,42.19,3559,2864,2247,1891,3407,849,2983,1641,1249,853,230,1060,3042,2288,2000,1850,3560,2862,2246,1892,3407,850,2987,1642,1250,854,230,1068,3042,2288,2000,1850,236.00,236.00,100.90,300.00,80.00,210.00,170.00,236.52,236.52,100.94,300.30,80.56,210.00,170.00
